,age,medu,fedu,traveltime,studytime,failures,famrel,freetime,goout,dalc,walc,health,absences,g1,g2,g3,school_MS,sex_M,address_U,famsize_LE3,pstatus_T,mjob_health,mjob_other,mjob_services,mjob_teacher,fjob_health,fjob_other,fjob_services,fjob_teacher,reason_home,reason_other,reason_reputation,guardian_mother,guardian_other,schoolsup_yes,famsup_yes,paid_yes,activities_yes,nursery_yes,higher_yes,internet_yes,romantic_yes
0,18,4,4,2,2,0,4,3,4,1,1,3,4,0,11,11,0,0,1,0,0,0,0,0,0,0,0,0,1,0,0,0,1,0,1,0,0,0,1,1,0,0
1,17,1,1,1,2,0,5,3,3,1,1,3,2,9,11,11,0,0,1,0,1,0,0,0,0,0,1,0,0,0,0,0,0,0,0,1,0,0,0,1,1,0
2,15,1,1,1,2,0,4,3,2,2,3,3,6,12,13,12,0,0,1,1,1,0,0,0,0,0,1,0,0,0,1,0,1,0,1,0,0,0,1,1,1,0
3,15,4,2,1,3,0,3,2,2,1,1,5,0,14,14,14,0,0,1,0,1,1,0,0,0,0,0,1,0,1,0,0,1,0,0,1,0,1,1,1,1,1
4,16,3,3,1,2,0,4,3,2,1,2,5,0,11,13,13,0,0,1,0,1,0,1,0,0,0,1,0,0,1,0,0,0,0,0,1,0,0,1,1,0,0
5,16,4,3,1,2,0,5,4,2,1,2,5,6,12,12,13,0,1,1,1,1,0,0,1,0,0,1,0,0,0,0,1,1,0,0,1,0,1,1,1,1,0
6,16,2,2,1,2,0,4,4,4,1,1,3,0,13,12,13,0,1,1,1,1,0,1,0,0,0,1,0,0,1,0,0,1,0,0,0,0,0,1,1,1,0
7,17,4,4,2,2,0,4,1,4,1,1,1,2,10,13,13,0,0,1,0,0,0,1,0,0,0,0,0,1,1,0,0,1,0,1,1,0,0,1,1,0,0
8,15,3,2,1,2,0,4,2,2,1,1,1,0,15,16,17,0,1,1,1,0,0,0,1,0,0,1,0,0,1,0,0,1,0,0,1,0,0,1,1,1,0
9,15,3,4,1,2,0,5,5,1,1,1,5,0,12,12,13,0,1,1,0,1,0,1,0,0,0,1,0,0,1,0,0,1,0,0,1,0,1,1,1,1,0
10,15,4,4,1,2,0,3,3,3,1,2,2,2,14,14,14,0,0,1,0,1,0,0,0,1,1,0,0,0,0,0,1,1,0,0,1,0,0,1,1,1,0
11,15,2,1,3,3,0,5,2,2,1,1,4,0,10,12,13,0,0,1,0,1,0,0,1,0,0,1,0,0,0,0,1,0,0,0,1,0,1,1,1,1,0
12,15,4,4,1,1,0,4,3,3,1,3,5,0,12,13,12,0,1,1,1,1,1,0,0,0,0,0,1,0,0,0,0,0,0,0,1,0,1,1,1,1,0
13,15,4,3,2,2,0,5,4,3,1,2,3,0,12,12,13,0,1,1,0,1,0,0,0,1,0,1,0,0,0,0,0,1,0,0,1,0,0,1,1,1,0
14,15,2,2,1,3,0,4,5,2,1,1,3,0,14,14,15,0,1,1,0,0,0,1,0,0,0,1,0,0,1,0,0,0,1,0,1,0,0,1,1,1,1
15,16,4,4,1,1,0,4,4,4,1,2,2,6,17,17,17,0,0,1,0,1,1,0,0,0,0,1,0,0,1,0,0,1,0,0,1,0,0,1,1,1,0
16,16,4,4,1,3,0,3,2,3,1,2,2,10,13,13,14,0,0,1,0,1,0,0,1,0,0,0,1,0,0,0,1,1,0,0,1,0,1,1,1,1,0
17,16,3,3,3,2,0,5,3,2,1,1,4,2,13,14,14,0,0,1,0,1,0,1,0,0,0,1,0,0,0,0,1,1,0,1,1,0,1,1,1,0,0
18,17,3,2,1,1,3,5,5,5,2,4,5,2,8,8,7,0,1,1,0,1,0,0,1,0,0,0,1,0,0,0,0,1,0,0,1,1,1,1,1,1,0
19,16,4,3,1,1,0,3,1,3,1,3,5,6,12,12,12,0,1,1,1,1,1,0,0,0,0,1,0,0,1,0,0,0,0,0,0,0,1,1,1,1,0
20,15,4,3,1,2,0,4,4,1,1,1,1,0,12,13,14,0,1,1,0,1,0,0,0,1,0,1,0,0,0,0,1,1,0,0,0,0,0,1,1,1,0
21,15,4,4,1,1,0,5,4,2,1,1,5,0,11,12,12,0,1,1,0,1,1,0,0,0,1,0,0,0,0,1,0,0,0,0,1,1,0,1,1,1,0
22,16,4,2,1,2,0,4,5,1,1,3,5,0,12,13,14,0,1,1,1,1,0,0,0,1,0,1,0,0,0,0,0,1,0,0,0,0,1,1,1,1,0
23,16,2,2,2,2,0,5,4,4,2,4,5,2,10,10,10,0,1,1,1,1,0,1,0,0,0,1,0,0,0,0,1,1,0,0,1,0,1,1,1,1,0
24,15,2,4,1,3,0,4,3,2,1,1,5,2,10,11,10,0,0,0,0,1,0,0,1,0,1,0,0,0,0,0,0,1,0,1,1,0,1,1,1,1,0
25,16,2,2,1,1,0,1,2,2,1,3,5,6,10,11,12,0,0,1,0,1,0,0,1,0,0,0,1,0,1,0,0,1,0,0,1,0,0,0,1,1,0
26,15,2,2,1,1,0,4,2,2,1,2,5,8,11,12,12,0,1,1,0,1,0,1,0,0,0,1,0,0,1,0,0,1,0,0,1,0,0,1,1,1,0
27,15,4,2,1,1,0,2,2,4,2,4,1,0,11,11,11,0,1,1,0,1,1,0,0,0,0,0,1,0,0,1,0,1,0,0,0,0,0,1,1,1,0
28,16,3,4,1,2,0,5,3,3,1,1,5,2,12,12,13,0,1,1,1,0,0,0,1,0,0,1,0,0,1,0,0,1,0,1,1,1,1,1,1,1,0
29,16,4,4,1,2,0,4,4,5,5,5,5,4,12,11,12,0,1,1,0,1,0,0,0,1,0,0,0,1,1,0,0,1,0,0,1,1,1,1,1,1,1
30,15,4,4,1,2,0,5,4,2,3,4,5,0,10,11,11,0,1,1,0,1,1,0,0,0,0,0,1,0,1,0,0,1,0,0,1,1,0,0,1,1,0
31,15,4,4,2,2,0,4,3,1,1,1,5,2,15,15,15,0,1,1,0,1,0,0,1,0,0,0,1,0,0,0,1,1,0,0,1,0,1,1,1,1,0
32,15,4,3,1,2,0,4,5,2,1,1,5,0,13,14,15,0,1,0,0,1,0,0,0,1,0,0,0,0,0,0,0,1,0,0,1,0,1,1,1,1,1
33,15,3,3,1,2,0,5,3,2,1,1,2,0,13,12,12,0,1,1,1,1,0,1,0,0,0,1,0,0,0,0,0,1,0,0,0,0,1,0,1,1,0
34,16,3,2,1,1,0,5,4,3,1,1,5,4,12,12,12,0,1,1,0,1,0,1,0,0,0,1,0,0,1,0,0,1,0,0,1,0,0,0,1,1,0
35,15,2,3,2,1,0,3,5,1,1,1,5,4,11,11,11,0,0,1,0,1,0,1,0,0,0,1,0,0,0,1,0,0,0,0,1,0,1,1,1,0,0
36,15,4,3,1,3,0,5,4,3,1,1,4,0,14,14,14,0,1,1,1,1,0,0,0,1,0,0,1,0,1,0,0,1,0,0,1,0,1,1,1,1,0
37,16,4,4,2,3,0,2,4,3,1,1,5,4,13,13,13,0,1,0,0,0,0,1,0,0,0,0,0,1,0,0,1,1,0,0,1,0,1,1,1,1,1
38,15,3,4,1,3,0,4,3,2,1,1,5,2,11,12,12,0,0,0,0,1,0,0,1,0,1,0,0,0,0,0,0,1,0,1,1,0,1,1,1,1,0
39,15,2,2,1,1,0,4,3,1,1,1,2,8,14,13,12,0,0,0,0,1,0,0,0,0,0,1,0,0,0,0,1,1,0,1,1,0,1,1,1,0,0
40,16,2,2,2,2,0,3,3,3,1,2,3,16,11,11,10,0,0,1,1,1,0,1,0,0,0,1,0,0,1,0,0,1,0,0,1,0,1,0,1,1,1
41,15,4,4,1,1,0,5,4,3,2,4,5,8,10,11,11,0,1,1,1,1,0,0,0,1,0,1,0,0,1,0,0,0,1,0,1,0,0,0,1,1,1
42,15,4,4,1,2,0,4,3,3,1,1,5,0,14,15,15,0,1,1,0,1,0,0,1,0,0,0,0,1,0,0,0,0,0,0,1,0,1,1,1,1,0
43,15,2,2,1,1,0,5,4,1,1,1,1,0,9,10,10,0,1,1,0,1,0,0,1,0,0,0,1,0,0,0,0,0,0,1,1,0,0,1,1,1,0
44,16,2,2,2,2,1,4,3,3,2,2,5,14,10,11,11,0,0,1,1,1,0,1,0,0,0,0,0,0,0,0,0,0,0,1,0,0,1,1,1,1,0
45,15,4,3,1,2,0,5,2,2,1,1,5,4,10,11,11,0,0,1,1,0,0,1,0,0,0,1,0,0,0,0,0,1,0,1,1,1,1,1,1,1,1
46,16,3,3,1,2,0,2,3,5,1,4,3,6,13,12,13,0,0,1,1,0,0,1,0,0,0,0,1,0,1,0,0,1,0,0,1,0,0,1,1,1,0
47,16,4,3,1,4,0,4,2,2,1,1,2,2,17,17,17,0,1,1,0,1,1,0,0,0,0,0,1,0,0,0,1,1,0,0,0,0,1,1,1,1,0
48,15,4,2,1,2,0,4,3,3,2,2,5,4,11,12,13,0,1,1,0,1,0,0,0,1,0,1,0,0,1,0,0,1,0,0,1,0,0,1,1,0,0
49,15,4,4,1,2,0,4,4,4,1,1,3,2,13,12,12,0,0,1,0,1,0,0,1,0,0,0,0,1,0,1,0,0,0,1,1,0,1,0,1,1,0
50,16,2,2,3,2,0,4,3,3,2,3,4,0,14,13,13,0,0,1,1,1,0,0,1,0,0,0,1,0,0,0,0,1,0,0,1,0,0,1,1,1,0
51,15,4,2,1,2,0,4,3,3,1,1,5,0,16,14,16,0,0,1,1,1,1,0,0,0,0,1,0,0,0,1,0,1,0,0,1,0,0,1,1,1,0
52,15,4,2,2,1,0,5,5,5,3,4,5,4,10,9,9,0,1,1,1,0,1,0,0,0,1,0,0,0,0,1,0,0,0,0,0,0,0,1,1,0,0
53,15,4,4,1,1,0,3,3,4,2,3,5,0,13,12,12,0,0,1,0,1,0,0,1,0,0,0,1,0,0,0,0,1,0,1,1,0,0,1,1,1,0
54,15,3,3,1,1,0,5,3,4,4,4,1,0,13,12,13,0,0,1,1,0,0,1,0,0,0,1,0,0,0,1,0,1,0,0,0,0,0,1,1,1,0
55,16,2,1,1,2,0,5,3,4,1,1,2,2,12,13,12,0,0,1,0,0,0,1,0,0,0,1,0,0,0,1,0,1,0,0,0,0,1,1,1,1,1
56,15,4,3,1,2,0,4,3,2,1,1,1,0,15,14,15,0,0,1,0,0,0,0,1,0,0,0,1,0,0,0,1,1,0,0,1,0,1,1,1,1,0
57,15,4,4,1,2,0,3,2,2,1,1,5,8,15,15,16,0,1,1,0,1,0,0,0,1,1,0,0,0,0,0,1,1,0,0,1,0,1,1,1,0,0
58,15,1,2,1,2,0,4,3,2,1,1,5,0,14,13,14,0,1,1,1,1,0,1,0,0,0,0,0,0,1,0,0,0,0,1,1,0,1,1,1,1,0
59,16,4,2,1,2,0,4,2,3,1,1,5,2,16,15,16,0,0,1,0,1,0,0,1,0,0,1,0,0,0,0,0,1,0,0,1,1,0,1,1,1,0
60,16,4,4,1,2,0,2,4,4,2,3,4,0,17,16,16,0,0,0,0,1,1,0,0,0,0,0,0,1,0,1,0,1,0,0,1,0,1,1,1,0,0
61,16,1,1,4,1,0,5,5,5,5,5,5,0,10,10,16,0,0,1,0,1,0,0,1,0,0,0,1,0,0,0,0,0,0,1,1,0,1,0,1,1,1
62,16,1,2,1,2,0,4,4,3,1,1,1,0,13,13,10,0,0,1,1,1,0,1,0,0,0,0,1,0,0,0,1,0,0,1,0,0,1,1,1,1,0
63,16,4,3,1,3,0,3,4,4,2,4,4,0,14,13,13,0,0,1,0,1,0,0,0,1,1,0,0,0,1,0,0,1,0,1,1,0,1,1,1,1,0
64,15,4,3,1,2,0,4,4,4,2,4,2,0,13,12,12,0,0,1,1,1,0,0,1,0,0,0,1,0,0,0,1,0,0,1,0,0,1,1,1,1,1
65,16,4,3,3,2,0,5,4,3,1,2,1,2,16,15,16,0,0,1,1,1,0,0,0,1,0,0,1,0,0,0,0,1,0,0,1,0,1,1,1,1,0
66,15,4,4,1,4,0,1,3,3,5,5,3,0,11,12,12,0,1,1,0,0,0,1,0,0,0,0,1,0,0,0,1,1,0,0,1,0,1,0,1,1,1
67,16,3,1,1,4,0,4,3,3,1,2,5,0,10,9,10,0,0,1,0,1,0,0,1,0,0,1,0,0,0,0,0,1,0,1,1,0,0,1,1,1,0
68,15,2,2,2,2,0,4,1,3,1,3,4,0,11,10,11,0,0,0,1,1,1,0,0,0,0,0,1,0,0,0,1,1,0,1,1,0,0,1,1,1,0
69,15,3,1,2,4,0,4,4,2,2,3,3,6,15,15,15,0,0,0,1,1,0,1,0,0,0,1,0,0,0,0,1,0,0,0,1,0,0,0,1,1,0
70,16,3,1,2,4,0,4,3,2,1,1,5,2,13,11,11,0,1,1,0,1,0,1,0,0,0,1,0,0,0,0,1,0,0,0,1,0,0,1,1,1,0
71,15,4,2,1,4,0,3,3,3,1,1,3,0,11,9,10,0,1,1,0,1,0,1,0,0,0,1,0,0,0,0,0,1,0,0,0,0,0,1,1,1,0
72,15,1,1,1,2,0,3,3,4,2,4,5,2,13,11,11,0,0,0,0,1,0,1,0,0,0,1,0,0,0,0,1,1,0,1,1,0,0,0,1,1,1
73,16,3,1,1,1,0,5,3,2,2,2,5,0,13,13,14,0,1,1,0,1,0,1,0,0,0,1,0,0,0,0,1,1,0,0,0,0,1,1,1,0,0
74,16,3,3,1,2,0,4,3,3,2,4,5,4,11,11,11,0,0,1,0,1,0,1,0,0,0,0,1,0,1,0,0,1,0,1,1,0,1,1,1,1,0
75,15,4,3,1,2,0,4,3,3,2,3,5,0,11,11,11,0,1,1,0,1,0,0,0,1,0,1,0,0,1,0,0,1,0,0,1,0,1,1,1,1,0
76,15,4,0,2,4,0,3,4,3,1,1,1,0,12,11,11,0,1,1,0,1,0,0,0,1,0,1,0,0,0,0,0,1,0,0,0,0,1,1,1,1,0
77,16,2,2,1,4,0,5,2,3,1,3,3,1,13,13,13,0,0,1,0,1,0,1,0,0,0,1,0,0,0,0,1,1,0,0,0,0,0,1,1,1,1
78,17,2,1,2,1,3,4,5,1,1,1,3,0,9,9,10,0,1,1,0,1,0,1,0,0,0,1,0,0,1,0,0,1,0,1,1,0,1,1,0,1,0
79,16,3,4,1,2,0,2,4,3,1,2,3,14,12,11,11,0,0,1,0,1,0,0,0,0,0,1,0,0,0,0,0,1,0,0,1,0,0,1,1,1,0
80,15,2,3,1,1,0,3,2,2,1,3,3,0,11,11,12,0,1,1,0,1,0,1,0,0,0,0,1,0,0,0,0,0,0,1,1,0,1,0,1,1,1
81,15,2,3,1,3,0,5,3,2,1,2,5,2,10,9,9,0,1,1,0,1,0,1,0,0,0,1,0,0,1,0,0,1,0,1,0,0,0,0,1,1,0
82,15,3,2,1,2,0,4,4,4,1,1,5,4,12,11,11,0,0,1,1,1,0,0,1,0,0,1,0,0,0,0,1,1,0,0,1,0,0,1,1,1,0
83,15,2,2,2,2,0,5,3,3,1,3,4,2,13,12,13,0,1,1,1,1,0,0,1,0,0,0,1,0,1,0,0,1,0,0,0,1,1,1,1,1,0
84,15,1,1,1,2,0,4,3,2,2,3,4,2,13,12,12,0,0,1,0,1,0,1,0,0,0,1,0,0,1,0,0,0,0,0,1,0,1,0,1,1,0
85,15,4,4,2,2,0,4,4,4,2,3,5,4,12,11,12,0,0,1,0,1,0,0,1,0,0,0,1,0,0,0,1,0,0,0,0,0,0,1,1,1,1
86,16,2,2,1,2,0,4,3,4,1,2,2,6,13,11,11,0,0,1,1,1,0,0,0,0,0,1,0,0,0,0,0,1,0,0,1,0,0,1,1,0,0
87,15,4,2,1,3,0,5,3,3,1,3,1,4,15,15,15,0,0,1,0,1,0,1,0,0,0,1,0,0,0,0,1,1,0,0,1,0,1,1,1,1,0
88,16,2,2,2,2,0,4,4,2,1,1,3,6,12,10,11,0,1,1,0,1,0,0,1,0,0,1,0,0,0,0,1,0,0,0,0,0,1,0,1,1,0
89,16,4,4,1,2,0,4,1,3,3,5,5,6,9,9,10,0,1,1,1,0,0,0,0,1,1,0,0,0,0,0,1,1,0,0,1,0,0,1,1,0,0
90,16,3,3,1,3,0,4,3,3,1,3,4,2,9,11,11,0,0,1,0,1,0,1,0,0,0,1,0,0,1,0,0,1,0,0,1,0,0,1,1,1,1
91,15,4,3,1,1,0,4,5,5,1,3,1,6,14,13,13,0,0,1,0,1,0,0,1,0,0,1,0,0,0,0,1,1,0,0,0,0,1,1,1,1,0
92,16,3,1,1,2,0,3,3,3,2,3,2,0,12,13,12,0,0,1,1,1,0,1,0,0,0,1,0,0,1,0,0,0,0,1,1,0,0,1,1,0,0
93,16,4,2,2,2,0,5,3,3,1,1,1,2,13,14,14,0,0,1,0,1,0,0,0,1,0,0,1,0,1,0,0,1,0,0,1,0,1,1,1,1,0
94,15,2,2,1,4,0,4,3,4,1,1,4,2,11,12,12,0,1,1,1,1,0,0,1,0,1,0,0,0,0,0,1,1,0,0,1,0,1,1,1,1,0
95,15,1,1,2,4,0,3,1,2,1,1,1,4,13,13,13,0,0,0,0,1,0,0,0,0,0,1,0,0,1,0,0,1,0,1,1,1,1,1,1,1,0
96,16,4,3,2,1,0,3,3,3,1,1,4,6,9,11,11,0,1,0,0,1,0,0,1,0,0,1,0,0,0,0,1,1,0,1,1,1,1,0,1,1,0
97,16,2,1,1,2,0,4,3,5,1,1,5,0,13,12,12,0,0,1,0,1,0,1,0,0,0,1,0,0,0,0,0,1,0,0,1,0,0,1,1,0,1
98,16,4,4,1,1,0,5,3,4,1,2,1,4,12,13,13,0,0,1,0,1,0,1,0,0,0,1,0,0,0,0,1,1,0,0,0,0,1,0,1,1,0
99,16,4,3,1,3,0,5,3,5,1,1,3,2,12,13,13,0,0,1,0,1,0,1,0,0,0,0,0,0,0,0,0,1,0,1,1,0,0,1,1,1,0
100,16,4,4,1,1,0,4,5,5,5,5,4,12,9,9,8,0,1,1,0,1,0,0,1,0,0,0,1,0,0,1,0,1,0,1,1,0,1,1,1,1,0
101,16,4,4,1,3,0,4,4,3,1,1,4,0,16,16,16,0,1,1,0,1,0,0,1,0,0,0,0,1,0,1,0,0,0,0,1,0,1,1,1,1,1
102,15,4,4,1,1,0,5,3,3,1,1,5,2,12,13,12,0,1,1,0,1,0,0,1,0,0,1,0,0,0,0,0,1,0,0,1,1,1,0,1,1,0
103,15,3,2,2,2,0,4,3,5,1,1,2,16,11,10,10,0,0,1,0,1,0,0,1,0,0,1,0,0,1,0,0,1,0,1,1,0,0,1,1,1,0
104,15,3,4,1,2,0,5,4,4,1,1,1,0,16,16,16,0,1,1,0,0,0,0,1,0,0,1,0,0,0,0,0,1,0,0,1,0,1,1,1,1,0
105,15,3,3,1,4,0,4,3,3,1,1,4,10,10,10,10,0,0,1,0,0,0,1,0,0,1,0,0,0,0,0,1,0,0,1,0,0,0,1,1,0,0
106,15,2,2,1,4,0,5,1,2,1,1,3,4,10,10,10,0,0,1,0,1,0,1,0,0,0,1,0,0,0,0,0,1,0,1,1,0,0,1,1,1,0
107,16,3,3,1,3,0,5,3,3,1,1,5,4,13,14,14,0,1,1,0,1,0,0,1,0,0,1,0,0,1,0,0,0,0,0,1,0,1,1,1,1,0
108,15,4,4,4,4,0,1,3,5,3,5,1,8,12,10,11,0,1,0,0,1,0,1,0,0,0,1,0,0,1,0,0,0,0,0,1,0,1,1,1,1,1
109,16,4,4,1,3,0,5,4,5,1,1,4,2,15,15,14,0,0,1,1,1,1,0,0,0,1,0,0,0,0,1,0,1,0,0,1,0,1,1,1,1,1
110,15,4,4,1,1,0,5,5,3,1,1,4,4,13,14,14,0,1,1,1,0,0,0,0,1,0,0,0,1,0,0,0,1,0,0,0,0,1,1,1,1,0
111,16,3,3,1,3,0,4,1,2,1,1,2,4,11,11,11,0,0,0,0,1,0,0,1,0,0,1,0,0,0,0,1,0,0,1,1,0,1,1,1,1,0
112,16,2,2,1,2,1,3,1,2,1,1,5,12,8,10,10,0,0,1,0,1,0,0,0,0,0,1,0,0,1,0,0,1,0,1,0,0,1,1,1,1,0
113,15,4,2,1,1,0,3,5,2,1,1,3,10,18,17,18,0,1,1,1,1,0,0,0,1,0,1,0,0,0,0,0,1,0,0,0,0,0,1,1,1,0
114,15,2,1,1,2,0,5,4,2,1,1,5,4,10,9,10,0,1,0,0,1,1,0,0,0,0,0,1,0,0,0,1,1,0,0,0,0,1,1,1,1,1
115,16,4,4,1,2,0,5,4,4,1,2,5,6,16,14,14,0,1,1,0,1,0,0,0,1,0,0,0,1,0,0,0,0,0,0,1,0,1,1,1,1,0
116,15,4,4,2,2,0,4,4,3,1,1,2,4,16,15,16,0,1,1,0,1,0,1,0,0,0,0,0,1,0,0,1,0,0,0,1,0,1,1,1,0,0
117,16,3,3,2,1,0,5,4,2,1,1,5,6,14,14,15,0,1,1,0,1,0,1,0,0,0,0,1,0,1,0,0,0,0,0,0,0,1,1,1,1,0
118,17,1,3,3,2,1,5,2,4,1,4,5,14,12,11,11,0,1,0,0,1,0,1,0,0,0,1,0,0,0,0,0,0,0,0,1,0,1,1,1,1,0
119,15,3,4,1,1,0,3,4,3,1,2,4,2,14,13,14,0,1,1,0,1,0,1,0,0,0,1,0,0,0,0,1,0,0,0,0,0,0,1,1,1,0
120,15,1,2,1,2,0,3,2,3,1,2,1,0,14,14,14,0,0,1,0,1,0,0,0,0,0,0,1,0,0,0,0,1,0,0,0,0,0,0,1,1,0
121,15,2,2,1,4,0,5,5,4,1,2,5,6,14,13,13,0,1,1,0,1,0,0,1,0,0,0,1,0,1,0,0,0,0,0,1,0,1,1,1,1,0
122,16,2,4,2,2,0,4,2,2,1,2,5,2,14,12,13,0,0,1,1,1,0,1,0,0,1,0,0,0,0,0,0,0,0,0,1,0,1,1,1,1,1
123,16,4,4,1,1,0,3,4,4,1,4,5,4,12,13,13,0,1,1,0,1,1,0,0,0,0,1,0,0,0,0,0,1,0,0,1,0,1,1,1,1,0
124,16,2,2,1,2,0,5,4,4,1,1,5,0,12,11,11,0,0,1,0,1,0,1,0,0,0,1,0,0,1,0,0,1,0,0,0,0,0,1,1,1,1
125,15,3,4,1,1,0,5,5,5,3,2,5,2,9,9,9,0,1,1,0,1,0,0,1,0,0,0,1,0,1,0,0,0,0,1,0,0,0,1,1,1,0
126,15,3,4,1,2,0,5,3,2,1,1,1,0,10,11,11,0,0,1,1,0,0,1,0,0,0,1,0,0,1,0,0,1,0,1,0,0,1,1,1,1,1
127,19,0,1,1,2,2,3,4,2,1,1,5,0,9,10,11,0,0,1,0,1,0,0,0,0,0,1,0,0,0,0,0,0,1,0,1,0,0,0,0,0,0
128,16,4,4,1,1,0,3,5,5,2,5,4,8,14,14,15,0,1,0,0,1,0,0,0,1,0,0,0,1,0,0,0,1,0,0,0,0,1,1,1,1,0
129,16,2,3,2,3,0,3,2,3,2,2,1,4,13,12,13,0,1,1,0,1,0,1,0,0,0,1,0,0,0,0,0,1,0,0,1,0,0,0,1,1,1
130,15,3,4,2,3,0,4,2,2,2,2,5,0,10,11,12,0,0,0,0,1,0,0,1,0,0,0,0,1,0,0,0,0,0,0,1,0,0,1,1,1,1
131,18,2,1,1,2,3,5,4,5,1,3,5,10,10,9,8,0,0,1,0,1,0,0,1,0,0,1,0,0,0,0,1,1,0,0,1,0,1,1,0,1,1
132,17,2,1,3,1,0,3,2,2,1,2,5,8,11,10,11,0,0,1,1,0,0,1,0,0,0,1,0,0,0,0,0,1,0,0,1,0,0,1,1,1,0
133,15,1,1,3,1,0,4,3,3,1,2,4,6,11,12,13,0,0,1,0,1,0,0,0,0,0,1,0,0,0,0,0,1,0,0,1,0,1,0,1,1,1
134,17,2,2,1,1,0,3,4,4,1,3,5,2,13,12,12,0,0,1,1,1,0,1,0,0,0,1,0,0,0,0,0,0,0,0,1,0,0,1,1,1,1
135,16,3,4,1,1,0,3,2,1,1,4,5,12,15,13,14,0,0,1,0,0,0,0,1,0,0,1,0,0,0,0,0,0,0,0,0,0,0,1,1,1,0
136,16,2,1,4,1,0,3,2,1,1,1,2,4,9,9,11,0,1,1,0,1,0,0,0,0,0,1,0,0,0,0,0,1,0,0,0,0,0,1,1,0,0
137,16,2,2,1,1,1,5,3,4,1,1,5,12,13,11,11,0,0,1,0,0,0,1,0,0,0,1,0,0,1,0,0,1,0,0,0,0,0,1,1,0,0
138,15,3,4,4,2,0,5,3,3,1,1,5,2,12,11,11,0,1,0,0,1,0,0,0,0,0,0,0,1,0,0,0,1,0,0,1,0,0,1,1,0,1
139,15,4,4,1,3,0,4,3,3,1,1,5,4,13,14,15,0,0,1,0,1,0,0,1,0,0,0,0,0,0,0,0,1,0,0,1,0,1,1,1,1,1
140,17,3,4,3,2,0,5,4,5,2,4,5,2,10,9,10,0,1,0,0,1,0,0,0,0,0,1,0,0,0,0,0,1,0,0,0,0,0,1,1,0,0
141,16,1,1,4,2,0,5,1,3,1,1,3,0,14,13,13,0,0,0,0,1,0,0,0,0,0,1,0,0,0,0,0,1,0,0,1,0,0,1,1,0,0
142,18,3,1,2,1,0,3,3,4,4,5,4,2,11,11,12,0,1,1,1,1,0,0,1,0,0,0,1,0,0,0,0,1,0,0,0,0,1,1,1,1,1
143,18,3,2,1,3,0,4,3,3,5,1,5,10,12,11,11,0,0,1,0,0,0,1,0,0,0,0,1,0,0,0,0,0,1,0,1,0,1,0,1,1,1
144,16,1,1,2,1,0,3,3,3,1,2,1,8,12,11,11,0,0,0,0,1,0,1,0,0,0,0,1,0,0,0,1,1,0,0,1,0,1,1,1,0,1
145,16,3,3,2,1,0,4,3,2,1,1,5,4,9,9,10,0,0,1,0,0,0,1,0,0,0,1,0,0,0,0,0,0,1,0,1,0,1,0,1,1,1
146,16,1,1,1,2,2,4,4,4,1,3,5,0,10,10,10,0,1,1,1,1,0,0,1,0,0,1,0,0,0,0,0,1,0,0,0,0,0,1,1,0,1
147,15,4,4,2,1,0,4,3,2,1,1,5,6,13,14,14,0,0,1,0,1,0,0,0,1,0,0,0,1,0,0,0,1,0,0,0,0,1,1,1,1,0
148,15,1,1,3,1,1,5,5,5,1,1,1,2,8,9,9,0,0,0,0,1,0,1,0,0,0,1,0,0,0,0,0,1,0,0,0,0,1,1,1,1,1
149,15,4,3,2,4,0,2,2,2,1,1,3,6,9,11,11,0,1,1,0,1,0,0,0,1,0,0,1,0,0,0,0,0,0,1,1,0,0,1,1,1,0
150,15,3,3,1,2,0,1,3,2,2,3,1,24,9,8,9,0,0,1,0,0,0,0,1,0,0,0,1,0,1,0,0,1,0,0,0,0,0,0,1,0,1
151,16,4,4,1,3,0,5,3,3,1,3,5,0,15,13,13,0,1,1,0,1,0,0,1,0,0,0,1,0,0,0,0,1,0,0,1,0,1,1,1,1,0
152,16,2,2,2,1,0,2,3,3,2,2,2,4,12,11,11,0,1,1,1,1,0,0,1,0,0,0,1,0,0,0,1,0,0,0,1,0,1,1,1,1,0
153,15,4,4,1,3,0,4,2,2,1,1,5,2,13,13,13,0,0,1,0,1,0,0,0,1,0,0,1,0,0,0,0,1,0,0,1,0,1,1,1,1,0
154,16,1,1,1,1,0,3,4,4,3,3,1,4,10,11,11,0,0,1,1,1,0,0,0,0,0,0,0,0,0,0,0,1,0,0,0,0,0,1,1,1,0
155,17,2,1,1,1,0,5,4,5,1,2,5,22,9,7,6,0,1,1,0,1,0,1,0,0,0,1,0,0,1,0,0,1,0,0,1,0,0,1,1,1,0
156,15,1,1,1,2,0,4,4,2,1,2,5,0,12,12,12,0,0,1,0,1,0,1,0,0,0,0,1,0,0,0,0,0,0,0,1,0,0,1,1,1,0
157,15,2,1,2,1,0,4,4,2,1,1,5,0,11,10,10,0,0,1,1,0,0,0,0,0,0,1,0,0,1,0,0,1,0,0,1,0,1,1,0,1,1
158,15,3,2,1,2,1,3,3,2,1,1,3,2,11,11,11,0,0,1,0,1,1,0,0,0,0,0,1,0,1,0,0,0,0,0,1,0,0,1,1,1,0
159,15,1,2,1,2,0,4,3,2,1,1,5,6,13,12,13,0,0,1,0,1,0,0,0,0,0,1,0,0,0,0,0,1,0,0,1,0,0,0,1,1,0
160,15,1,2,1,2,0,2,3,4,2,4,1,6,11,11,11,0,0,1,0,1,0,0,0,0,0,0,1,0,0,0,0,0,0,0,0,0,0,0,1,0,1
161,16,4,4,1,1,0,3,3,2,2,1,5,16,9,9,8,0,1,1,0,1,0,0,0,1,0,0,0,1,0,0,0,1,0,0,1,0,0,1,0,1,1
162,15,2,1,4,1,0,4,5,5,2,5,5,0,12,11,11,0,1,1,1,0,0,0,1,0,0,1,0,0,0,0,0,1,0,0,0,0,0,1,1,1,0
163,18,1,1,1,1,2,2,3,5,2,5,4,0,11,9,0,0,1,1,1,1,0,1,0,0,0,1,0,0,0,0,0,1,0,0,0,0,0,1,0,1,1
164,16,2,1,1,1,1,4,4,4,3,5,5,6,9,10,10,0,1,1,1,1,0,0,0,0,0,1,0,0,0,0,0,1,0,0,0,0,1,1,1,0,1
165,15,3,3,2,3,0,4,2,1,2,3,3,2,13,13,13,0,0,0,0,1,0,0,1,0,0,0,1,0,0,0,1,0,1,0,1,1,1,1,1,1,1
166,19,3,2,1,1,0,4,5,4,1,1,4,6,11,9,11,0,1,1,0,1,0,0,1,0,0,0,0,0,1,0,0,1,0,0,1,0,0,1,0,1,1
167,17,4,4,1,1,0,4,2,1,1,1,4,0,13,13,13,0,0,1,0,1,0,1,0,0,0,0,0,1,0,0,0,1,0,1,1,0,0,1,1,0,1
168,15,2,3,1,2,0,4,4,4,1,1,1,0,7,8,8,0,1,0,0,1,0,0,0,0,0,0,1,0,0,0,0,1,0,1,0,1,1,1,1,0,0
169,17,1,2,1,1,3,2,2,2,3,3,5,14,9,8,10,0,1,0,1,1,0,1,0,0,0,1,0,0,0,0,1,1,0,0,0,0,0,1,1,0,0
170,18,1,1,3,1,3,5,2,5,1,5,4,6,11,10,11,0,0,0,0,1,0,0,0,0,0,1,0,0,0,0,0,1,0,0,1,0,1,0,1,0,0
171,16,2,2,3,1,0,4,2,2,1,2,3,4,12,10,11,0,1,0,0,1,0,0,0,0,0,1,0,0,0,0,0,1,0,0,0,0,0,0,1,0,0
172,16,3,3,1,2,1,4,5,5,4,4,5,0,10,10,1,0,1,1,0,1,0,1,0,0,0,0,1,0,0,0,0,0,0,0,1,0,0,1,1,1,1
173,16,1,2,2,1,2,4,4,5,3,5,5,0,9,8,10,0,1,1,1,1,1,0,0,0,0,0,1,0,0,0,0,1,0,0,0,0,0,0,1,1,0
174,17,2,1,2,1,1,3,3,2,2,2,5,8,8,8,9,0,1,0,1,1,0,0,0,0,0,1,0,0,0,0,0,1,0,0,0,1,1,1,0,1,1
175,17,3,2,2,2,2,4,4,4,1,4,3,4,7,6,8,0,1,0,0,1,0,1,0,0,0,1,0,0,0,0,0,1,0,1,1,0,0,1,1,1,1
176,15,1,2,2,1,0,4,4,4,2,4,5,2,8,9,10,0,1,1,1,1,0,1,0,0,0,1,0,0,0,0,0,1,0,0,0,0,1,1,1,0,0
177,16,1,3,1,1,1,5,3,3,1,4,2,2,9,8,8,0,1,1,0,1,0,0,0,0,0,0,1,0,0,0,0,0,0,0,0,0,0,1,0,1,0
178,17,1,1,4,2,0,5,3,5,1,5,5,0,8,8,8,0,1,0,1,1,0,1,0,0,0,0,1,0,0,0,0,1,0,0,0,0,1,1,0,0,1
179,17,3,2,2,1,3,4,5,2,1,1,2,10,8,7,8,0,1,1,0,1,0,0,1,0,0,0,1,0,0,0,0,1,0,0,1,0,1,0,0,0,0
180,16,2,2,1,2,0,4,3,5,2,4,4,0,9,10,11,0,1,1,0,1,0,1,0,0,0,1,0,0,0,0,0,0,0,0,0,0,0,1,0,1,0
181,16,4,2,1,2,0,4,2,3,1,1,3,0,17,17,18,0,0,1,0,1,1,0,0,0,0,0,1,0,1,0,0,0,0,0,0,0,0,1,1,1,1
182,16,2,2,1,2,0,5,1,5,1,1,4,0,12,12,13,0,0,1,0,1,0,1,0,0,0,1,0,0,1,0,0,1,0,0,1,0,0,0,1,1,0
183,16,4,4,1,2,0,4,4,2,1,1,3,0,16,16,17,0,0,1,0,1,1,0,0,0,1,0,0,0,0,0,1,1,0,0,1,0,0,1,1,1,1
184,16,3,4,3,1,1,3,4,5,2,4,2,4,9,9,10,0,1,1,0,1,0,1,0,0,0,1,0,0,0,0,0,0,0,0,1,0,1,0,1,1,0
185,16,1,0,2,2,0,4,3,2,1,1,3,0,16,17,18,0,1,1,0,1,0,1,0,0,0,1,0,0,0,0,1,1,0,0,1,0,1,1,1,1,1
186,17,4,4,1,2,0,4,4,4,1,3,5,0,11,9,10,0,1,1,1,1,0,0,0,1,0,1,0,0,0,0,1,1,0,0,1,0,1,1,1,1,0
187,16,1,3,1,2,0,4,3,5,1,1,3,0,14,13,13,0,0,1,0,1,0,0,0,0,0,0,1,0,1,0,0,1,0,0,0,0,1,0,1,1,1
188,16,3,3,2,2,0,4,4,5,1,1,4,0,14,14,15,0,0,1,1,1,0,1,0,0,0,1,0,0,0,0,1,1,0,0,1,0,1,1,1,1,0
189,17,4,3,2,2,0,4,4,4,4,4,4,0,10,11,11,0,1,1,1,1,0,0,0,1,0,1,0,0,0,0,0,1,0,0,0,0,1,1,1,1,0
190,16,2,2,2,2,0,3,4,4,1,4,5,0,13,12,14,0,0,1,0,1,0,0,1,0,0,1,0,0,0,0,1,1,0,0,0,0,1,0,1,1,0
191,17,3,3,1,2,0,4,3,4,1,4,4,4,11,9,10,0,1,1,0,1,0,1,0,0,0,1,0,0,0,0,1,0,0,0,0,0,1,0,1,1,0
192,16,4,2,1,1,0,4,3,3,3,4,3,8,10,9,11,0,1,0,0,1,0,0,0,1,0,0,1,0,0,1,0,1,0,0,1,0,1,1,1,1,1
193,17,4,3,1,2,0,5,2,3,1,1,2,4,11,11,13,0,1,1,0,1,0,1,0,0,0,1,0,0,0,0,0,1,0,0,1,1,1,1,1,1,1
194,16,4,3,1,2,0,3,4,3,2,3,3,4,11,10,11,0,1,1,0,1,0,0,0,1,0,1,0,0,1,0,0,1,0,0,1,1,1,1,1,1,0
195,16,3,3,1,2,0,4,2,3,1,2,3,0,11,12,13,0,1,1,0,1,0,0,1,0,0,1,0,0,1,0,0,1,0,0,0,0,1,1,1,1,1
196,17,2,4,1,2,0,5,4,2,2,3,5,0,17,18,17,0,0,1,0,1,0,0,1,0,0,0,1,0,0,0,1,0,0,0,1,0,1,1,1,0,0
197,17,3,3,1,2,0,5,3,3,2,3,1,32,14,13,14,0,0,1,1,1,0,1,0,0,0,1,0,0,0,0,1,1,0,0,1,0,1,1,1,1,1
198,16,3,2,1,2,0,1,2,2,1,2,1,8,14,15,16,0,0,1,0,1,0,1,0,0,0,1,0,0,0,0,1,1,0,0,1,0,0,1,1,1,0
199,17,3,3,1,2,0,4,3,4,2,3,4,6,11,13,14,0,1,1,0,1,0,0,1,0,0,0,1,0,0,1,0,1,0,0,1,0,1,1,1,1,1
200,16,1,2,1,1,0,3,3,3,1,2,3,0,10,9,11,0,1,1,0,1,0,0,1,0,0,0,1,0,0,1,0,1,0,0,1,0,1,1,1,1,1
201,16,2,1,1,2,0,4,2,3,1,2,5,0,13,14,16,0,1,1,1,1,0,1,0,0,0,1,0,0,0,0,0,1,0,0,0,0,1,1,1,1,1
202,17,3,3,1,2,0,3,3,3,1,3,3,10,12,13,14,0,0,1,0,0,1,0,0,0,0,1,0,0,0,0,1,1,0,0,1,0,0,0,1,1,1
203,17,1,2,1,2,0,3,1,3,1,5,3,6,9,9,10,0,1,0,0,1,0,0,0,0,0,1,0,0,1,0,0,1,0,0,0,0,0,1,1,0,0
204,16,2,3,1,2,0,4,3,3,1,1,2,6,12,12,13,0,0,1,0,1,0,0,1,0,0,0,1,0,0,0,0,1,0,0,0,0,0,1,1,1,0
205,17,1,1,1,2,0,5,3,3,1,1,3,0,12,11,12,0,0,1,0,1,0,0,0,0,0,0,1,0,0,0,0,1,0,0,0,0,1,1,1,1,0
206,17,1,2,2,2,0,4,4,4,4,5,5,16,10,11,12,0,1,1,0,1,0,0,0,0,0,0,1,0,0,1,0,0,1,0,0,0,1,0,1,1,0
207,16,3,3,1,1,0,4,3,2,3,4,5,0,11,10,10,0,1,0,0,1,0,0,1,0,0,0,1,0,0,0,1,1,0,0,1,0,1,1,1,1,0
208,16,2,3,2,1,0,5,3,3,1,1,3,0,13,12,12,0,1,1,0,1,0,1,0,0,0,1,0,0,1,0,0,0,0,0,0,0,0,1,1,1,0
209,17,2,4,1,2,0,4,3,2,1,1,5,8,14,15,16,0,0,1,1,1,0,0,1,0,0,0,1,0,0,0,0,0,0,0,0,0,1,1,1,1,1
210,17,4,4,1,1,0,5,2,3,1,2,5,4,13,13,14,0,1,1,0,1,0,0,1,0,0,0,0,1,1,0,0,1,0,0,0,0,0,1,1,1,0
211,16,3,3,3,1,0,3,3,4,3,5,3,16,10,11,12,0,1,0,1,1,0,0,0,1,0,1,0,0,1,0,0,0,0,0,1,0,1,1,1,1,0
212,17,4,4,2,1,1,4,2,4,2,3,2,30,14,15,16,0,0,1,0,1,0,0,1,0,0,0,0,1,1,0,0,1,0,0,1,0,0,1,1,1,0
213,16,4,4,1,2,0,4,5,2,1,2,3,0,11,10,11,0,0,1,1,1,0,0,0,1,0,0,0,1,0,0,1,1,0,0,1,0,0,1,1,1,0
214,16,4,3,1,2,0,4,3,5,1,5,2,2,14,14,15,0,0,1,0,1,1,0,0,0,0,1,0,0,1,0,0,1,0,0,1,0,1,1,1,1,0
215,16,2,3,1,2,0,4,4,3,1,3,4,4,11,12,12,0,0,1,0,1,0,1,0,0,0,1,0,0,0,0,1,1,0,1,1,0,1,1,1,0,0
216,17,1,1,1,2,0,4,4,4,1,3,1,0,14,15,15,0,0,1,0,1,0,1,0,0,0,1,0,0,0,0,0,1,0,0,1,0,0,0,1,0,0
217,17,2,2,1,1,0,5,3,2,1,2,3,21,13,13,13,0,0,0,0,1,0,1,0,0,0,1,0,0,0,0,1,1,0,0,1,0,0,1,1,1,0
218,16,2,2,2,4,0,5,3,5,1,1,5,6,13,13,13,0,0,0,0,1,0,0,1,0,0,0,1,0,0,0,1,1,0,0,1,0,1,0,1,1,0
219,17,3,4,1,3,1,4,4,3,3,4,5,14,8,9,8,0,0,1,0,1,0,0,0,0,0,0,1,0,1,0,0,1,0,0,1,1,0,1,1,1,1
220,16,3,1,1,2,0,2,3,3,2,2,4,2,11,11,12,0,0,1,0,0,0,0,1,0,0,1,0,0,0,0,0,1,0,0,1,0,0,1,1,1,0
221,16,4,3,1,2,0,1,3,2,1,1,1,4,14,15,15,0,0,1,0,1,0,0,0,1,0,1,0,0,0,1,0,1,0,0,0,0,1,1,1,1,1
222,16,1,1,2,1,0,4,3,2,1,4,5,2,12,13,13,0,0,1,0,1,0,0,0,0,0,1,0,0,1,0,0,1,0,0,1,0,0,1,1,0,0
223,17,4,3,2,3,0,4,4,2,1,1,4,0,11,12,12,0,0,0,0,1,0,0,0,1,0,1,0,0,0,0,1,1,0,0,1,0,1,1,1,1,1
224,19,3,3,1,4,0,4,3,3,1,2,3,4,12,12,12,0,0,1,0,1,0,1,0,0,0,1,0,0,0,0,1,0,1,0,1,0,1,1,1,1,0
225,17,4,4,1,2,0,5,3,5,4,5,3,15,13,12,12,0,1,1,1,1,0,0,1,0,0,1,0,0,1,0,0,1,0,0,1,0,0,1,1,1,1
226,16,2,2,1,2,0,3,3,4,1,1,4,0,13,13,13,0,0,1,0,0,0,1,0,0,0,1,0,0,0,0,1,1,0,1,1,0,0,1,1,1,0
227,18,2,2,1,2,0,4,4,4,2,4,5,10,12,11,11,0,1,1,0,1,0,0,1,0,0,1,0,0,1,0,0,1,0,0,1,0,1,1,1,1,0
228,17,4,4,1,1,0,5,2,1,1,2,3,6,12,11,11,0,0,0,1,1,0,0,1,0,0,1,0,0,0,1,0,1,0,0,1,0,0,1,1,0,0
229,17,3,2,2,2,0,4,4,4,1,3,1,2,14,16,15,0,0,1,1,1,0,1,0,0,0,1,0,0,0,0,1,1,0,0,0,0,0,1,1,1,0
230,17,4,3,1,2,0,3,4,5,2,4,1,16,11,9,10,0,0,1,0,1,0,1,0,0,0,1,0,0,0,0,1,1,0,0,0,0,0,1,1,1,1
231,18,3,3,1,2,0,3,2,4,2,4,4,10,10,10,10,0,1,1,1,1,0,0,1,0,1,0,0,0,1,0,0,0,0,0,1,0,0,1,1,1,0
232,17,2,3,2,1,0,3,3,3,1,4,3,4,12,13,13,0,0,1,0,1,0,0,0,0,0,1,0,0,1,0,0,0,0,0,1,0,0,1,1,0,0
233,17,2,2,1,3,0,4,3,3,1,1,4,0,12,12,13,0,0,1,0,1,0,0,0,0,0,0,0,0,0,0,0,1,0,0,1,0,1,1,1,1,0
234,17,2,1,2,2,0,4,2,5,1,2,5,0,11,10,11,0,0,0,0,1,0,0,0,0,0,0,1,0,0,0,1,1,0,0,1,0,1,1,1,1,0
235,17,1,1,1,3,0,4,3,4,1,1,5,12,12,12,12,0,0,1,0,1,0,0,0,0,0,1,0,0,0,0,1,1,0,0,1,0,1,1,1,0,1
236,16,2,3,1,2,0,2,3,1,1,1,3,0,13,13,14,0,0,1,0,1,0,0,1,0,0,0,0,1,0,1,0,1,0,1,0,0,0,1,1,1,0
237,18,2,2,2,2,3,3,3,3,5,5,4,9,10,9,10,0,1,1,0,1,0,1,0,0,0,1,0,0,1,0,0,1,0,0,1,1,0,1,1,1,0
238,16,4,4,1,3,0,5,3,2,1,1,5,4,15,16,16,0,0,1,0,1,0,0,0,1,0,0,1,0,1,0,0,1,0,0,1,0,1,0,1,1,0
239,18,3,1,1,2,0,5,3,3,1,1,4,4,8,8,8,0,0,0,0,1,0,1,0,0,0,1,0,0,0,0,1,1,0,0,0,0,1,1,1,1,1
240,17,3,2,1,2,0,5,3,4,1,3,3,2,17,18,17,0,0,1,0,1,0,1,0,0,0,1,0,0,0,0,0,1,0,0,0,0,1,0,1,1,0
241,17,2,3,1,2,0,5,3,3,1,3,3,0,10,11,11,0,1,1,1,1,0,0,1,0,0,0,1,0,0,0,1,0,0,0,1,0,0,0,1,1,0
242,18,2,1,4,2,0,4,3,2,4,5,3,2,9,10,11,0,1,1,1,1,0,0,0,0,0,1,0,0,0,0,0,1,0,1,1,0,1,1,1,1,1
243,17,2,1,2,3,0,3,2,3,1,2,3,0,15,15,16,0,0,1,0,0,0,1,0,0,0,1,0,0,0,0,0,1,0,0,0,0,1,1,1,1,1
244,17,4,3,1,2,0,3,2,3,1,2,3,0,14,12,12,0,0,1,1,1,1,0,0,0,0,1,0,0,0,0,1,0,0,0,0,0,1,1,1,1,1
245,17,2,2,2,2,0,4,5,2,1,1,1,0,12,13,13,0,1,0,0,1,0,1,0,0,0,1,0,0,0,0,0,0,0,0,1,0,1,1,1,1,0
246,17,4,4,1,2,0,4,5,5,1,3,2,0,13,13,13,0,1,1,0,1,0,0,0,1,0,0,0,1,0,0,1,1,0,1,1,0,1,1,1,1,1
247,16,4,4,1,2,0,4,2,4,2,4,1,0,13,13,14,0,1,1,0,1,1,0,0,0,0,1,0,0,0,0,1,0,0,0,1,0,1,1,1,1,0
248,16,1,1,2,2,0,3,4,2,1,1,5,2,9,9,9,0,1,1,1,1,0,1,0,0,0,1,0,0,1,0,0,1,0,0,1,0,0,1,1,1,0
249,16,3,2,2,3,0,5,3,3,1,3,2,0,12,12,12,0,1,1,0,1,0,0,0,0,0,1,0,0,0,0,1,1,0,0,0,0,1,1,1,1,1
250,17,2,2,1,2,0,4,4,2,5,5,4,0,16,16,16,0,1,1,1,1,0,1,0,0,0,1,0,0,1,0,0,0,0,0,0,0,1,0,1,1,1
251,16,2,1,1,1,0,4,5,2,1,1,5,4,9,10,10,0,0,1,0,1,0,1,0,0,0,1,0,0,1,0,0,1,0,0,0,0,0,1,1,1,1
252,16,4,1,1,2,0,5,3,3,1,2,5,0,14,13,13,0,0,1,0,0,0,1,0,0,0,1,0,0,1,0,0,1,0,0,0,0,1,1,1,1,1
253,18,2,4,2,2,1,4,3,3,1,1,3,18,10,10,10,0,0,1,1,0,0,0,1,0,0,1,0,0,0,0,0,1,0,0,1,0,0,1,1,1,0
254,18,2,2,1,2,1,5,3,1,1,1,5,16,9,8,10,0,0,1,1,1,0,0,0,0,0,0,1,0,0,0,0,1,0,0,1,0,0,0,1,1,1
255,18,3,3,2,1,1,4,1,1,1,1,3,14,8,7,7,0,0,1,0,1,0,1,0,0,0,1,0,0,0,0,0,1,0,0,0,0,0,1,0,1,0
256,18,2,2,1,1,1,4,4,3,2,2,1,26,7,8,8,0,1,1,0,1,0,1,0,0,0,0,0,0,0,0,0,0,1,0,1,0,1,0,0,1,1
257,17,4,4,1,1,0,4,2,1,1,2,5,6,10,8,9,0,1,1,0,1,0,0,0,1,0,0,0,1,0,0,0,1,0,0,1,0,1,0,1,1,0
258,17,3,2,1,2,0,5,4,2,1,1,3,4,14,14,15,0,0,1,0,1,0,1,0,0,0,1,0,0,0,0,0,0,0,0,0,0,1,1,1,0,0
259,17,1,1,1,3,0,4,3,2,1,2,4,10,11,10,10,0,0,1,1,1,0,0,0,0,0,0,0,0,0,0,0,1,0,0,1,0,1,1,1,1,1
260,16,1,2,1,1,0,5,3,5,1,2,5,4,12,11,11,0,0,1,0,1,0,1,0,0,0,1,0,0,0,0,0,1,0,0,0,0,0,1,0,1,0
261,17,2,1,3,2,0,2,1,1,1,1,3,2,13,13,13,0,0,0,0,1,0,0,0,0,0,0,1,0,0,0,0,1,0,0,0,0,1,1,1,0,0
262,17,1,4,4,1,1,5,5,4,1,1,5,14,9,9,8,0,0,0,1,0,0,1,0,0,0,1,0,0,0,0,0,0,1,0,1,0,0,1,1,1,0
263,18,2,2,1,2,0,5,5,4,3,5,2,16,8,7,8,0,1,1,0,1,0,1,0,0,0,0,1,0,0,0,1,0,0,0,0,0,0,1,0,1,0
264,17,2,2,1,1,1,3,1,2,1,1,1,8,11,9,10,0,0,1,1,0,0,1,0,0,0,1,0,0,1,0,0,1,0,0,1,0,0,0,0,1,0
265,17,1,1,2,3,0,4,3,3,1,3,5,4,15,14,15,0,0,0,1,1,0,0,0,0,0,1,0,0,0,0,0,1,0,0,0,0,1,1,1,1,0
266,17,4,2,1,2,0,4,3,2,1,1,4,4,15,14,14,0,0,1,1,0,0,0,0,1,0,1,0,0,0,0,0,1,0,0,1,0,1,1,1,0,0
267,17,4,3,2,2,0,2,5,5,1,4,5,8,15,15,15,0,1,1,1,1,1,0,0,0,0,1,0,0,0,0,0,1,0,0,0,0,1,1,1,1,1
268,17,4,4,2,2,0,3,3,3,2,3,4,0,12,12,12,0,1,0,1,0,0,0,0,1,0,1,0,0,0,0,0,1,0,0,1,0,0,1,1,1,0
269,16,4,3,1,1,0,5,4,5,1,1,3,7,14,14,15,0,1,1,1,1,0,0,0,1,0,1,0,0,0,0,0,1,0,0,0,0,1,0,1,1,0
270,16,4,4,1,1,0,5,3,2,1,2,5,4,14,15,15,0,1,1,0,1,0,0,1,0,0,0,1,0,0,0,0,1,0,0,0,1,1,1,1,1,0
271,17,4,4,1,2,0,5,3,1,1,4,5,2,11,11,12,0,0,1,0,1,0,0,0,1,0,0,1,0,0,0,0,1,0,0,1,1,0,1,1,1,1
272,17,1,1,2,3,0,4,3,3,1,1,1,2,13,14,15,0,1,0,0,1,0,1,0,0,0,1,0,0,1,0,0,0,0,0,0,0,0,0,1,1,1
273,17,3,3,2,3,0,4,2,2,2,3,5,10,11,11,11,0,0,1,0,1,0,0,1,0,0,1,0,0,1,0,0,1,0,0,1,0,0,1,1,1,1
274,17,1,1,1,2,0,4,3,2,1,1,4,10,10,9,10,0,0,1,0,1,0,0,0,0,0,1,0,0,0,0,0,1,0,1,0,0,0,0,1,0,1
275,18,2,1,2,3,0,4,4,4,1,1,3,10,12,10,11,0,0,1,0,1,0,1,0,0,0,1,0,0,0,0,0,0,1,0,1,0,0,0,1,1,1
276,16,2,1,3,1,0,4,3,3,1,1,4,7,15,16,16,0,1,1,0,1,0,1,0,0,0,1,0,0,0,0,0,1,0,0,0,0,0,1,1,1,0
277,17,1,1,1,2,0,4,3,4,1,2,5,4,11,10,11,0,0,1,0,1,0,1,0,0,0,0,1,0,0,0,0,0,0,0,1,0,0,1,1,0,0
278,17,2,3,2,1,0,5,2,2,1,1,2,2,9,12,13,0,1,1,0,1,0,1,0,0,0,1,0,0,0,0,0,0,0,0,0,0,0,1,1,1,0
279,22,3,1,1,1,3,5,4,5,5,5,1,12,7,8,5,0,1,1,0,1,0,0,1,0,0,0,1,0,0,1,0,1,0,0,0,0,0,0,0,1,1
280,18,3,3,1,2,0,4,3,3,1,3,5,8,10,9,10,0,1,0,1,1,0,1,0,0,0,0,1,0,0,0,0,1,0,0,1,0,0,1,1,1,1
281,16,0,2,1,1,0,4,3,2,2,4,5,0,11,12,11,0,1,1,0,1,0,1,0,0,0,1,0,0,0,1,0,1,0,0,0,0,0,0,1,1,0
282,18,3,2,2,1,0,4,4,5,2,4,5,8,7,8,7,0,1,1,0,1,0,0,1,0,0,1,0,0,0,0,0,1,0,0,0,0,0,1,0,1,0
283,16,3,3,3,2,1,5,3,3,1,3,2,4,9,11,10,0,1,1,0,1,0,0,0,0,0,1,0,0,0,0,1,0,1,1,1,0,0,0,1,1,0
284,18,2,1,1,1,2,3,2,5,2,5,5,4,7,8,6,0,1,1,0,1,0,0,1,0,0,0,1,0,0,1,0,1,0,0,0,0,0,0,0,1,0
285,16,2,1,2,1,0,3,3,2,1,3,3,2,14,13,12,0,1,0,0,1,0,1,0,0,0,1,0,0,0,0,0,1,0,0,0,0,1,0,1,0,0
286,17,2,1,1,1,0,4,4,2,2,4,5,0,12,12,13,0,1,0,0,1,0,1,0,0,0,1,0,0,0,0,0,1,0,0,0,0,0,0,1,1,0
287,17,1,1,2,1,1,4,4,4,1,2,5,0,9,10,10,0,1,1,1,1,1,0,0,0,0,1,0,0,0,0,0,1,0,0,1,0,1,1,1,1,0
288,18,2,1,1,2,0,4,3,4,1,3,5,2,12,12,13,0,0,1,1,0,0,1,0,0,0,1,0,0,0,0,0,1,0,0,1,0,0,0,1,1,1
289,17,4,2,1,4,0,4,2,3,1,1,4,2,14,15,17,0,0,1,1,1,0,0,0,1,0,0,1,0,0,0,1,1,0,0,1,0,1,1,1,1,0
290,19,2,2,1,2,0,4,3,3,1,1,5,0,10,10,11,0,0,1,0,1,0,0,1,0,0,0,1,0,1,0,0,1,0,0,1,0,0,1,1,1,0
291,18,2,1,3,2,1,4,4,5,4,4,5,4,11,10,11,0,1,1,1,1,0,0,1,0,0,1,0,0,0,0,0,1,0,0,0,0,1,0,0,1,0
292,17,4,2,1,3,0,4,3,4,1,3,5,2,11,12,14,0,0,0,0,1,0,1,0,0,0,1,0,0,0,0,0,1,0,0,1,0,1,1,1,1,0
293,18,1,1,1,3,0,4,4,3,2,3,3,4,11,12,14,0,0,1,1,1,0,1,0,0,0,0,0,0,1,0,0,1,0,0,1,0,0,0,1,0,0
294,18,2,2,1,2,0,3,2,3,1,1,5,4,11,11,13,0,0,0,0,1,0,1,0,0,0,1,0,0,1,0,0,1,0,1,0,0,0,1,1,0,0
295,19,4,3,1,2,0,4,3,1,1,1,1,4,11,13,14,0,1,1,1,0,0,0,1,0,0,0,0,0,0,0,1,1,0,0,1,0,0,1,1,1,0
296,18,2,1,1,2,0,5,2,4,1,2,4,2,16,16,16,0,1,1,0,1,0,1,0,0,0,1,0,0,1,0,0,1,0,0,0,0,1,1,1,1,0
297,17,2,2,2,1,0,5,2,2,1,1,4,0,9,10,10,0,1,0,0,1,0,1,0,0,0,0,1,0,0,1,0,1,0,0,0,0,0,0,0,0,0
298,17,2,2,1,4,0,3,4,1,1,1,2,2,10,11,12,0,0,1,1,1,0,0,1,0,0,0,1,0,0,0,0,0,0,0,0,0,1,1,1,1,1
299,20,2,1,2,2,0,1,2,3,1,2,2,8,10,12,12,0,0,0,0,1,0,1,0,0,0,1,0,0,0,0,0,0,1,0,1,1,1,1,0,1,1
300,18,4,3,1,2,0,3,1,2,1,3,2,2,15,15,15,0,0,1,0,1,0,0,1,0,0,1,0,0,1,0,0,0,0,0,1,0,0,1,1,1,1
301,18,4,3,1,2,0,4,3,2,1,1,3,2,10,10,11,0,1,1,0,1,0,0,0,1,0,1,0,0,0,0,0,1,0,0,1,0,0,0,1,1,0
302,18,3,2,1,3,0,5,3,2,1,1,3,2,10,11,12,0,1,0,0,1,0,1,0,0,0,1,0,0,0,0,0,1,0,0,0,0,1,0,1,0,0
303,17,3,3,1,3,0,3,2,3,1,1,4,2,15,12,13,0,0,1,0,1,0,1,0,0,0,1,0,0,1,0,0,1,0,0,0,0,1,0,1,0,0
304,18,2,2,1,3,0,4,3,3,1,1,3,0,11,12,13,0,0,1,0,1,0,0,0,0,0,0,1,0,1,0,0,1,0,0,1,0,1,1,1,1,1
305,17,2,2,2,1,0,4,4,4,2,3,4,8,8,8,9,0,1,1,0,1,0,1,0,0,0,1,0,0,1,0,0,0,0,0,0,0,0,1,0,1,0
306,18,3,4,2,2,0,4,2,5,3,4,1,6,15,16,16,0,1,0,1,0,0,1,0,0,0,1,0,0,0,0,1,1,0,0,1,0,1,1,1,1,0
307,17,3,1,1,2,0,5,4,4,3,4,5,0,11,11,14,0,1,1,0,1,0,0,1,0,0,1,0,0,0,1,0,1,0,0,0,0,1,1,1,1,1
308,18,4,4,2,2,0,4,3,4,2,2,4,8,10,11,12,0,0,0,0,1,0,0,0,1,0,1,0,0,0,0,1,1,0,0,0,0,1,1,1,1,0
309,18,4,2,1,2,0,5,4,5,1,3,5,4,10,12,14,0,1,1,0,1,1,0,0,0,0,1,0,0,0,0,1,0,0,0,1,0,1,1,1,1,1
310,18,2,1,2,2,0,4,3,5,1,2,3,12,8,9,10,0,0,0,0,1,0,1,0,0,0,1,0,0,0,0,1,1,0,0,1,0,0,1,0,1,1
311,19,3,3,1,2,0,4,3,5,3,3,5,16,11,12,12,0,0,1,0,1,0,1,0,0,0,0,1,0,1,0,0,0,1,0,1,0,1,1,1,1,0
312,18,2,3,1,4,0,4,5,5,1,3,2,10,16,16,16,0,0,1,0,1,0,1,0,0,0,0,1,0,0,0,1,0,0,0,1,0,1,1,1,1,1
313,18,1,1,2,2,0,4,4,3,1,1,3,2,13,13,13,0,0,1,1,1,0,1,0,0,0,1,0,0,1,0,0,1,0,0,1,0,0,0,1,0,0
314,17,1,2,1,2,0,3,5,2,2,2,1,2,16,17,18,0,1,0,0,1,0,0,0,0,0,0,0,0,1,0,0,1,0,0,1,0,1,0,1,0,1
315,18,2,1,1,2,0,4,2,5,1,2,1,8,14,14,15,0,0,1,0,1,0,1,0,0,0,1,0,0,1,0,0,1,0,0,1,0,0,1,1,1,1
316,17,2,4,2,2,0,4,3,3,1,1,1,6,15,16,16,0,0,1,0,1,0,0,0,0,1,0,0,0,0,0,1,1,0,0,1,0,0,1,1,1,1
317,17,2,2,2,2,0,4,4,4,2,3,5,6,12,12,12,0,0,1,1,1,0,0,1,0,0,1,0,0,0,0,0,1,0,1,1,0,0,1,1,1,1
318,18,3,2,2,2,0,4,1,1,1,1,5,15,12,9,10,0,0,0,0,0,0,1,0,0,0,0,1,0,1,0,0,1,0,0,0,0,0,0,0,1,1
319,18,4,4,2,1,0,3,2,4,1,4,3,6,11,12,12,0,1,1,0,1,0,0,0,1,0,0,1,0,1,0,0,1,0,0,0,0,1,1,1,1,0
320,18,4,4,1,2,1,2,4,4,1,1,4,2,14,12,13,0,0,1,0,1,1,0,0,0,1,0,0,0,0,0,1,0,0,1,1,0,1,1,1,1,1
321,17,2,2,3,3,0,4,2,3,1,1,1,8,13,15,15,0,0,1,0,1,0,1,0,0,0,0,1,0,0,0,1,0,0,0,1,0,0,1,1,1,1
322,19,3,2,1,2,1,3,3,3,4,3,3,0,9,8,10,0,0,0,0,1,0,0,1,0,0,0,1,0,0,0,1,0,0,1,1,0,0,1,0,1,0
323,18,4,3,2,1,0,4,2,3,1,2,1,0,10,10,10,0,1,1,1,1,0,0,0,1,0,0,1,0,0,0,0,1,0,0,0,0,1,1,1,1,0
324,18,1,2,2,1,0,3,4,4,2,4,4,10,10,10,11,0,1,1,0,1,0,0,0,0,0,1,0,0,1,0,0,0,1,0,0,0,0,0,0,1,0
325,17,4,1,2,1,0,4,5,4,2,4,5,22,11,11,10,0,1,1,1,0,0,0,1,0,0,1,0,0,1,0,0,1,0,0,0,0,1,1,1,1,1
326,17,3,2,1,1,0,4,4,4,3,4,3,18,13,13,13,0,1,1,1,0,0,0,0,1,0,0,1,0,1,0,0,1,0,0,0,0,0,1,1,1,0
327,18,1,1,2,4,0,5,2,2,1,1,3,2,17,17,18,0,0,0,1,1,0,0,0,0,0,1,0,0,0,0,1,1,0,0,1,0,1,1,1,0,0
328,18,1,1,2,2,0,5,4,4,1,1,4,0,12,13,13,0,0,1,0,1,0,1,0,0,0,1,0,0,1,0,0,1,0,1,0,0,1,1,1,1,0
329,17,2,2,1,2,0,5,4,5,1,2,5,12,12,12,14,0,0,1,0,1,0,1,0,0,0,1,0,0,0,0,0,1,0,0,1,0,0,0,1,1,0
330,18,2,1,2,2,0,4,3,1,1,1,5,10,12,13,14,0,0,1,0,1,0,1,0,0,0,1,0,0,0,0,1,1,0,0,0,0,1,1,1,1,1
331,17,1,1,1,2,0,4,3,3,1,2,4,0,12,12,12,0,1,1,0,1,0,1,0,0,0,1,0,0,0,0,1,0,0,0,0,0,0,0,1,1,0
332,18,2,2,1,3,0,4,3,3,1,2,2,0,18,18,18,0,0,1,0,1,0,0,0,0,0,0,0,0,0,1,0,1,0,0,1,0,0,1,1,1,0
333,17,1,1,1,3,0,4,3,3,1,1,3,0,13,13,14,0,0,1,0,1,0,0,1,0,0,0,0,1,0,0,1,1,0,0,1,0,0,1,1,1,0
334,18,2,1,1,3,0,4,2,4,1,3,2,0,14,15,15,0,1,1,0,1,0,0,1,0,0,0,1,0,0,0,1,1,0,0,0,0,1,1,1,1,0
335,18,4,4,1,2,0,5,4,3,1,1,2,0,17,17,17,0,1,1,1,0,0,0,0,1,0,0,0,1,0,0,1,1,0,0,1,0,1,1,1,1,0
336,18,4,2,1,2,0,4,3,2,1,4,5,2,15,16,16,0,1,1,0,1,0,0,0,1,0,1,0,0,1,0,0,1,0,0,1,0,1,1,1,1,1
337,17,4,3,1,3,0,4,2,2,1,2,3,0,17,18,18,0,0,1,0,1,1,0,0,0,0,0,1,0,0,0,1,1,0,0,1,0,0,1,1,1,0
338,17,3,1,2,4,0,3,1,2,1,1,3,0,18,19,19,0,0,0,1,1,0,0,1,0,0,1,0,0,0,0,1,1,0,0,1,0,0,1,1,0,0
339,18,3,2,2,3,0,5,4,2,1,1,4,0,14,15,15,0,1,0,1,1,0,0,1,0,0,1,0,0,0,0,1,1,0,0,1,0,1,1,1,1,0
340,17,3,3,1,1,0,4,4,3,1,3,5,0,14,15,15,0,1,1,0,1,1,0,0,0,0,1,0,0,1,0,0,1,0,0,1,0,0,1,1,1,0
341,19,4,4,2,2,0,2,3,4,2,3,2,2,14,13,13,0,0,1,0,1,1,0,0,0,0,1,0,0,0,0,1,0,1,0,1,0,1,1,1,1,0
342,18,4,3,2,2,0,4,4,5,1,2,2,0,13,14,14,0,0,1,1,1,0,1,0,0,0,1,0,0,1,0,0,0,1,0,1,0,0,1,1,1,1
343,18,4,3,1,4,0,4,3,3,1,1,3,0,16,17,17,0,0,1,0,1,0,1,0,0,0,1,0,0,0,0,1,0,0,0,1,0,0,1,1,1,0
344,18,4,4,1,1,0,1,4,2,2,2,1,0,18,18,17,0,1,1,1,1,0,0,0,1,0,0,0,1,1,0,0,1,0,0,1,0,0,1,1,1,1
345,18,4,4,1,2,0,4,2,4,1,1,4,0,14,15,15,0,0,1,1,0,1,0,0,0,0,1,0,0,1,0,0,1,0,0,1,1,0,1,1,1,1
346,17,4,4,2,1,0,4,1,1,2,2,5,0,12,13,13,0,1,1,1,1,0,1,0,0,0,0,0,1,1,0,0,0,0,0,0,0,0,1,1,1,0
347,17,4,4,2,3,0,5,3,4,1,1,5,0,7,7,8,0,0,0,0,1,0,0,1,0,0,0,1,0,0,0,1,1,0,0,1,0,1,1,1,1,0
348,17,4,2,2,3,0,4,3,3,1,1,3,0,16,16,16,0,0,1,0,1,0,1,0,0,0,1,0,0,0,0,1,1,0,0,1,0,0,1,1,1,0
349,17,3,2,1,4,0,5,2,2,1,2,5,0,18,18,18,0,0,1,0,1,1,0,0,0,1,0,0,0,0,0,1,0,0,0,1,0,1,0,1,1,0
350,19,2,1,2,3,1,4,3,1,1,1,5,0,9,10,11,0,1,0,1,1,0,0,0,0,0,0,1,0,0,0,0,1,0,0,0,0,1,1,1,1,1
351,20,3,2,1,1,2,5,5,3,1,1,5,0,14,15,15,0,1,1,0,0,0,0,1,0,0,1,0,0,0,0,0,0,1,0,0,0,1,1,1,0,0
352,19,3,3,1,2,0,4,5,3,1,2,5,0,10,10,11,0,1,0,0,1,0,1,0,0,0,0,1,0,0,0,1,0,0,0,0,0,1,1,1,0,1
353,18,1,4,1,2,0,3,4,4,1,2,5,2,10,10,11,0,0,1,0,1,0,1,0,0,0,0,0,1,1,0,0,1,0,1,1,0,0,0,1,0,1
354,18,2,1,2,2,0,5,3,3,1,2,1,2,12,12,15,0,0,1,0,1,0,0,1,0,0,1,0,0,0,0,0,1,0,0,1,0,1,1,1,1,0
355,17,2,3,2,2,0,4,2,1,1,1,3,2,11,12,14,0,0,1,0,1,0,1,0,0,0,1,0,0,0,0,0,0,0,0,0,0,1,1,1,1,1
356,17,4,4,1,1,0,4,4,4,1,1,5,2,15,16,17,0,0,0,0,1,0,0,0,1,0,0,0,1,0,0,0,1,0,0,0,0,1,1,1,1,0
357,18,4,3,1,3,0,4,3,4,1,1,5,2,14,15,17,0,0,1,0,1,0,1,0,0,0,1,0,0,0,0,0,1,0,0,1,0,1,1,1,1,1
358,18,4,3,2,1,0,3,2,4,1,4,1,8,12,12,15,0,0,1,1,1,1,0,0,0,0,0,1,0,0,0,0,1,0,0,1,0,0,1,1,1,0
359,17,3,4,1,3,0,4,3,4,2,5,5,2,15,15,17,0,0,0,0,1,0,0,0,0,0,0,1,0,0,0,0,0,0,0,1,0,1,0,1,1,0
360,18,3,3,1,2,0,4,1,4,1,1,3,8,11,12,14,0,0,1,0,1,0,0,0,0,0,1,0,0,0,0,0,0,0,0,1,0,0,1,1,1,0
361,19,4,2,2,2,0,5,4,4,1,1,1,9,11,10,10,0,1,1,0,1,1,0,0,0,0,1,0,0,0,0,0,1,0,0,1,0,1,1,1,1,1
362,18,4,4,1,2,0,4,4,4,3,3,5,0,12,11,13,0,0,1,0,1,0,0,0,1,0,1,0,0,0,0,0,1,0,0,1,0,0,1,1,1,0
363,18,3,4,1,1,0,5,4,4,1,1,1,4,11,12,14,0,0,1,0,1,0,1,0,0,0,1,0,0,0,0,0,1,0,0,1,0,1,1,1,1,1
364,17,4,4,1,1,0,5,3,4,1,2,5,2,14,15,17,0,0,1,0,1,1,0,0,0,1,0,0,0,0,0,0,1,0,0,0,0,1,1,1,1,0
365,17,4,3,1,2,0,5,2,2,1,2,5,14,15,14,17,0,0,1,0,0,0,0,1,0,0,0,1,0,0,0,0,1,0,0,1,0,0,1,1,1,1
366,17,3,3,1,2,0,5,3,3,1,1,5,0,12,12,13,0,0,1,1,0,0,0,1,0,0,1,0,0,1,0,0,1,0,1,1,0,0,1,1,1,0
367,17,2,1,1,2,0,4,2,3,2,2,2,2,11,12,14,0,0,1,1,1,0,1,0,0,0,1,0,0,1,0,0,0,0,0,0,0,1,1,1,1,0
368,18,4,4,1,1,0,4,2,5,3,4,5,2,8,9,11,0,1,1,1,1,0,1,0,0,0,1,0,0,0,0,1,0,0,0,1,0,0,1,1,1,0
369,19,1,1,3,3,0,1,5,5,4,3,5,12,10,10,11,0,0,1,0,1,0,1,0,0,0,1,0,0,0,0,0,0,1,0,0,0,1,1,0,0,1
370,19,1,1,3,2,2,5,3,4,1,1,4,2,8,8,9,0,0,1,1,0,0,1,0,0,0,1,0,0,0,0,0,0,1,0,1,0,0,0,1,1,1
371,18,2,2,1,1,0,4,3,5,2,4,5,2,10,10,10,0,0,1,0,1,0,1,0,0,0,1,0,0,0,0,0,1,0,0,1,0,1,1,1,1,1
372,17,2,2,1,2,0,4,2,2,1,1,3,4,14,13,13,0,0,1,0,1,0,1,0,0,0,1,0,0,0,0,0,1,0,0,1,0,0,1,1,0,1
373,17,2,2,1,3,0,3,3,2,2,2,3,0,11,11,10,0,0,0,1,1,0,0,1,0,0,0,1,0,0,0,0,1,0,0,1,0,1,1,1,1,0
374,17,3,1,1,3,0,3,4,3,2,3,5,0,17,18,17,0,0,1,0,1,0,0,1,0,0,0,1,0,0,0,0,0,0,0,1,0,0,0,1,1,0
375,17,0,2,2,3,0,3,3,3,2,3,2,0,14,14,15,0,0,1,1,1,0,0,0,0,0,0,0,0,1,0,0,0,0,0,0,0,0,1,1,1,0
376,18,1,1,2,3,0,4,5,5,1,2,2,0,14,14,14,0,0,1,0,1,0,1,0,0,0,1,0,0,1,0,0,1,0,0,0,0,1,1,1,1,0
377,18,4,4,1,3,0,4,3,3,2,2,3,0,13,14,13,0,1,1,0,1,0,1,0,0,0,1,0,0,0,0,0,1,0,0,0,0,1,1,1,1,0
378,17,3,3,1,1,0,4,3,5,3,5,5,0,17,18,17,0,1,1,0,1,0,1,0,0,0,0,1,0,0,0,1,1,0,0,0,0,1,0,1,1,0
379,17,2,2,4,1,0,4,4,5,5,5,4,2,11,10,10,0,1,0,0,1,0,0,1,0,0,1,0,0,0,0,0,1,0,0,1,0,0,1,1,1,0
380,17,4,4,1,3,0,5,4,4,1,3,4,0,13,12,13,0,0,1,0,1,0,0,0,1,0,0,1,0,0,0,0,1,0,0,1,0,1,1,1,1,0
381,17,4,4,2,3,0,4,3,3,1,2,4,4,15,14,15,0,0,1,0,1,0,0,0,1,0,0,0,1,0,0,0,1,0,0,1,0,0,0,1,1,1
382,17,3,3,1,1,0,4,2,5,2,5,5,2,11,12,11,0,0,1,0,1,0,0,0,0,0,1,0,0,0,0,0,1,0,0,1,1,1,1,1,1,0
383,18,2,2,1,4,0,4,5,5,2,4,5,0,11,11,12,0,1,1,1,1,0,1,0,0,0,1,0,0,0,0,0,1,0,0,1,1,1,1,1,1,0
384,19,3,2,1,1,0,5,3,4,2,2,5,0,11,10,10,0,1,0,0,1,0,0,0,0,0,0,1,0,1,0,0,0,1,0,1,0,0,0,1,0,1
385,18,2,2,4,2,0,4,2,5,1,1,2,2,10,9,10,0,0,1,0,1,0,0,0,0,0,1,0,0,0,0,0,1,0,0,0,0,1,1,1,0,1
386,17,2,4,1,3,0,4,4,3,1,1,5,0,15,15,15,0,0,0,0,1,0,0,0,0,0,1,0,0,0,0,0,0,0,0,1,0,0,1,1,1,1
387,18,2,2,1,1,0,5,4,2,1,2,5,6,15,14,15,0,1,1,0,1,0,1,0,0,0,1,0,0,0,0,1,1,0,0,0,0,0,0,1,1,0
388,18,3,3,1,2,0,5,3,4,1,1,4,8,10,11,12,0,0,1,0,1,0,0,1,0,0,0,1,0,1,0,0,1,0,0,0,0,1,1,1,1,0
389,18,2,2,1,2,0,4,3,3,1,1,2,0,10,9,12,0,0,1,1,1,0,1,0,0,0,1,0,0,1,0,0,0,1,0,0,0,1,0,1,1,1
390,18,2,2,2,4,0,4,4,4,1,1,4,6,14,13,14,0,0,0,0,1,0,0,0,0,0,1,0,0,0,0,0,1,0,0,0,0,1,1,1,0,0
391,17,3,4,1,3,0,4,4,5,1,3,5,8,11,13,14,0,0,1,0,1,0,0,1,0,0,1,0,0,0,0,0,1,0,0,0,0,0,1,1,1,0
392,17,3,2,1,2,0,4,3,2,2,3,2,0,12,13,15,0,0,1,0,1,0,1,0,0,0,1,0,0,1,0,0,1,0,0,1,0,0,1,1,1,1
393,18,3,3,1,4,0,5,3,3,1,1,1,4,14,14,15,0,0,1,1,1,0,0,1,0,0,0,1,0,1,0,0,1,0,0,1,0,0,1,1,1,0
394,17,3,2,1,2,0,4,3,3,2,3,2,0,14,14,16,0,0,0,0,0,0,1,0,0,0,1,0,0,1,0,0,1,0,0,1,0,0,1,1,1,0
395,18,4,4,1,2,0,4,3,3,2,2,2,0,12,12,13,0,1,1,0,1,0,0,0,1,0,0,1,0,1,0,0,0,0,0,1,0,1,1,1,1,0
396,18,3,4,1,2,0,4,3,3,1,3,5,6,16,16,17,0,1,1,1,1,0,0,1,0,0,1,0,0,1,0,0,1,0,0,0,0,1,1,1,1,1
397,17,2,2,1,2,0,3,3,1,1,2,4,18,10,12,14,0,0,1,0,0,0,0,0,0,0,0,0,0,1,0,0,0,0,0,1,0,0,1,1,1,1
398,18,2,3,1,3,0,4,3,3,1,2,3,0,11,12,14,0,0,1,0,1,0,0,0,0,0,1,0,0,0,0,0,1,0,0,1,0,0,1,1,1,0
399,18,3,2,1,3,0,5,4,3,2,3,1,4,14,16,17,0,0,1,0,1,0,1,0,0,0,0,1,0,0,1,0,1,0,0,0,0,0,1,1,1,1
400,18,4,3,1,3,0,5,3,2,1,2,4,4,15,14,17,0,1,0,0,1,0,0,0,1,0,0,1,0,0,0,0,1,0,0,0,0,0,1,1,1,1
401,18,4,3,1,3,0,5,4,5,2,3,5,0,14,13,14,0,1,1,0,1,0,0,0,1,0,1,0,0,0,0,0,1,0,0,1,0,0,1,1,1,1
402,17,4,3,1,3,0,4,4,3,1,3,4,0,11,12,13,0,0,1,0,1,1,0,0,0,0,1,0,0,0,0,1,1,0,0,1,0,1,1,1,1,1
403,17,2,1,2,2,0,4,3,4,2,2,1,10,12,15,15,0,0,1,0,1,0,0,1,0,0,1,0,0,0,0,0,1,0,0,1,0,1,1,1,1,1
404,17,2,1,1,2,0,4,3,5,2,4,4,4,12,16,16,0,0,1,0,1,0,0,1,0,0,1,0,0,0,0,1,1,0,0,1,0,1,1,1,1,0
405,19,2,3,2,1,1,2,2,3,3,4,5,16,10,11,11,0,0,1,1,0,0,0,0,0,0,1,0,0,1,0,0,0,1,0,0,0,0,1,0,1,0
406,17,3,1,1,1,1,4,1,2,1,1,3,6,10,13,13,0,0,1,0,1,0,1,0,0,0,0,0,0,1,0,0,1,0,0,1,1,0,1,1,1,1
407,21,4,4,1,3,2,3,3,2,1,1,5,0,9,12,12,0,0,1,1,1,0,1,0,0,0,1,0,0,0,0,1,0,1,0,0,1,1,1,1,1,0
408,18,2,2,1,2,0,4,4,4,1,3,3,11,9,11,12,0,1,1,1,1,0,0,1,0,0,0,1,0,0,0,1,1,0,0,1,0,1,0,0,1,0
409,18,3,4,1,2,0,4,3,5,1,4,2,9,13,14,15,0,1,1,1,0,0,1,0,0,0,1,0,0,0,0,1,0,1,0,0,0,1,1,1,1,1
410,17,2,2,1,2,0,4,3,4,1,3,4,0,13,17,17,0,0,1,0,1,0,0,1,0,0,0,1,0,0,0,1,1,0,0,1,0,1,1,1,1,0
411,17,4,4,1,3,0,4,4,2,1,2,4,2,12,15,15,0,1,1,1,0,1,0,0,0,0,1,0,0,0,0,1,1,0,0,1,0,0,1,1,1,0
412,18,4,2,1,2,0,4,2,2,1,1,3,0,14,17,17,0,0,1,1,1,0,0,0,1,0,1,0,0,0,0,0,1,0,0,1,0,1,1,1,1,0
413,21,1,1,2,2,2,5,3,3,5,2,4,21,9,10,10,0,1,0,1,1,0,0,0,0,0,1,0,0,0,0,0,0,1,0,1,0,1,1,0,1,1
414,20,1,1,2,3,0,3,2,2,1,3,3,8,11,15,15,0,0,0,0,1,0,1,0,0,0,1,0,0,0,0,1,0,1,0,0,0,0,1,1,1,1
415,19,4,4,1,1,1,3,2,5,4,4,5,5,9,10,11,0,0,1,0,1,0,0,0,1,0,1,0,0,1,0,0,0,1,0,1,0,0,1,1,1,1
416,17,3,2,1,2,0,4,4,4,1,2,5,10,16,18,18,0,1,1,1,0,0,1,0,0,0,1,0,0,0,0,1,1,0,0,1,0,0,1,1,1,0
417,18,3,2,1,3,0,4,3,4,1,2,2,5,14,17,17,0,0,1,0,1,0,0,0,0,0,1,0,0,0,0,1,0,0,0,1,0,0,1,1,1,1
418,18,2,3,1,1,0,3,1,3,4,5,4,13,13,14,14,0,1,0,0,1,0,1,0,0,0,0,1,0,0,0,1,0,0,0,0,0,0,1,1,1,0
419,19,2,1,1,1,0,5,3,4,1,4,4,10,7,11,11,0,1,1,0,1,0,1,0,0,0,1,0,0,0,0,1,1,0,0,0,0,0,1,1,1,0
420,18,2,2,2,2,0,4,1,4,1,3,4,10,14,17,17,0,0,1,1,0,0,0,1,0,0,1,0,0,0,0,1,1,0,0,1,0,0,1,1,1,0
421,20,1,0,2,1,1,5,3,1,1,1,5,5,8,10,10,0,0,1,0,1,0,1,0,0,0,1,0,0,0,0,1,1,0,1,0,0,0,1,1,1,1
422,18,3,2,1,2,0,3,1,2,1,2,1,4,10,13,13,0,0,1,0,1,0,0,1,0,0,1,0,0,1,0,0,1,0,0,1,0,1,0,1,1,1
423,16,1,3,2,1,0,4,3,3,1,3,5,11,10,11,11,1,0,1,0,1,0,0,0,0,0,1,0,0,0,1,0,0,0,0,1,0,0,1,0,1,1
424,16,2,2,2,2,0,4,4,4,1,1,5,0,12,12,12,1,0,0,0,1,0,1,0,0,0,1,0,0,0,0,0,1,0,0,1,0,1,1,1,1,0
425,15,1,1,1,1,1,4,1,3,1,1,2,6,10,10,10,1,0,0,0,1,0,0,0,0,0,0,1,0,0,1,0,1,0,0,1,0,0,1,1,0,1
426,15,3,3,2,1,0,5,4,4,2,3,5,4,10,10,11,1,0,0,0,1,0,0,0,0,0,1,0,0,0,0,0,1,0,0,1,0,0,1,1,1,0
427,16,2,3,2,2,0,4,5,2,1,2,5,0,16,17,17,1,0,0,0,1,0,0,0,0,0,0,1,0,0,0,0,1,0,0,0,0,0,1,1,0,0
428,15,2,1,2,1,0,1,3,4,1,1,1,0,6,8,9,1,0,0,1,1,0,0,0,0,0,1,0,0,1,0,0,1,0,0,0,0,0,1,0,0,0
429,16,4,4,1,2,0,5,3,2,1,3,2,5,10,11,11,1,1,0,1,0,0,0,0,0,0,1,0,0,1,0,0,1,0,0,1,0,0,1,1,0,0
430,16,1,2,1,3,0,4,4,3,1,1,5,0,10,11,11,1,1,1,0,0,0,1,0,0,0,1,0,0,0,1,0,1,0,1,0,0,0,1,1,1,0
431,17,3,2,1,2,1,4,5,4,1,2,5,0,10,10,10,1,0,0,0,1,0,0,0,0,0,1,0,0,0,0,0,0,0,0,0,0,0,1,1,0,1
432,17,1,1,1,1,1,5,4,4,2,2,5,0,6,6,7,1,0,0,0,1,0,1,0,0,0,1,0,0,0,1,0,0,0,0,1,0,0,0,0,1,0
433,15,4,4,2,1,0,1,5,1,3,5,5,0,13,14,14,1,0,0,0,1,0,0,0,1,0,1,0,0,0,0,0,1,0,0,0,0,0,1,1,1,1
434,16,2,2,2,4,0,1,2,1,1,1,1,4,10,9,11,1,0,1,1,0,0,0,0,0,0,1,0,0,0,0,1,1,0,0,0,0,1,0,0,0,1
435,15,1,1,2,2,0,5,4,3,1,2,4,0,10,10,10,1,0,0,1,1,0,0,0,0,0,0,1,0,0,0,1,0,0,0,1,0,0,1,1,1,0
436,15,1,1,2,1,1,4,4,3,1,2,2,4,6,7,8,1,0,0,1,1,0,1,0,0,0,0,1,0,0,0,0,1,0,0,1,0,0,1,1,1,1
437,16,0,2,2,1,0,3,2,3,1,2,2,0,12,11,12,1,0,0,0,1,0,1,0,0,0,1,0,0,0,1,0,1,0,0,1,0,1,1,1,0,0
438,17,2,3,2,1,0,5,5,5,1,3,3,2,10,11,12,1,0,0,0,1,0,1,0,0,0,1,0,0,0,0,0,1,0,0,1,0,0,1,1,1,0
439,15,3,3,2,1,0,4,1,3,1,1,4,0,14,16,16,1,0,0,0,1,0,1,0,0,0,0,1,0,0,0,0,0,0,0,0,0,0,0,1,1,0
440,16,1,1,2,2,0,5,4,5,4,5,3,0,7,0,0,1,1,1,0,1,0,0,0,0,0,0,1,0,1,0,0,1,0,0,1,0,1,1,1,0,1
441,17,1,1,1,2,0,4,4,3,2,4,5,4,8,9,9,1,1,1,0,1,0,1,0,0,0,1,0,0,1,0,0,1,0,0,0,1,0,0,1,1,0
442,15,4,1,1,2,0,5,3,4,1,2,2,0,12,13,14,1,1,0,1,1,1,0,0,0,0,0,1,0,0,0,1,0,0,0,1,0,1,1,1,1,0
443,15,4,1,1,2,0,5,3,4,1,2,2,7,7,9,8,1,1,0,1,1,1,0,0,0,0,0,1,0,0,0,1,0,0,0,1,0,1,1,1,1,0
444,16,3,4,3,2,0,3,4,5,1,2,5,4,9,10,11,1,1,0,0,1,0,1,0,0,1,0,0,0,0,1,0,1,0,0,0,0,0,0,1,0,0
445,15,1,1,4,2,0,5,4,5,2,4,4,8,7,9,9,1,1,0,0,1,0,1,0,0,0,1,0,0,0,0,0,1,0,0,1,0,1,1,1,0,1
446,15,3,3,1,2,0,5,3,3,1,1,5,0,11,11,11,1,1,1,1,1,0,0,0,0,0,0,0,0,0,0,1,0,0,0,1,0,1,1,1,1,0
447,17,2,1,3,1,0,5,5,5,5,5,3,8,8,10,9,1,1,0,0,1,0,1,0,0,0,1,0,0,0,1,0,1,0,0,0,0,1,1,0,0,1
448,16,4,4,2,3,0,4,2,2,1,1,4,6,16,16,17,1,0,0,0,1,0,0,0,1,0,0,0,1,0,0,0,1,0,0,0,0,1,1,1,1,1
449,15,1,2,2,1,0,5,1,2,1,1,1,3,11,13,13,1,0,0,0,1,0,1,0,0,0,0,1,0,0,0,0,1,0,0,0,0,0,1,1,0,0
450,16,2,3,3,2,0,4,5,4,1,2,1,2,15,15,15,1,0,0,0,1,0,1,0,0,0,0,1,0,0,0,0,1,0,0,1,0,0,1,1,1,0
451,16,1,2,2,2,0,4,3,3,1,1,5,0,10,11,11,1,1,0,0,1,0,1,0,0,0,1,0,0,0,0,0,0,0,0,0,0,0,1,1,0,0
452,16,2,2,3,2,0,4,4,5,1,1,4,4,9,10,11,1,0,0,0,1,0,1,0,0,0,1,0,0,0,0,0,1,0,0,1,0,0,1,1,1,0
453,16,1,2,1,3,1,1,3,2,1,2,4,0,10,8,8,1,0,1,0,1,0,1,0,0,0,0,1,0,0,0,0,1,0,0,1,0,0,1,1,0,0
454,16,1,2,1,3,1,1,3,2,1,2,4,3,9,8,8,1,0,1,0,1,0,1,0,0,0,0,1,0,0,0,0,1,0,0,1,0,0,1,1,0,0
455,15,2,1,1,2,0,4,4,2,3,3,2,0,9,10,9,1,0,1,0,1,0,0,0,0,0,1,0,0,1,0,0,1,0,1,1,0,0,0,1,1,0
456,16,1,1,1,2,0,5,4,3,2,1,2,0,13,14,15,1,0,1,0,1,0,0,0,0,0,1,0,0,0,0,0,0,0,0,1,0,0,0,1,0,1
457,17,1,2,1,1,0,5,5,5,5,5,3,4,10,11,11,1,1,0,1,1,0,0,0,0,0,0,1,0,0,0,1,1,0,0,1,0,1,1,1,1,0
458,16,1,1,4,4,0,4,3,2,1,1,1,0,13,10,13,1,0,0,0,1,0,1,0,0,0,1,0,0,1,0,0,0,0,0,1,0,0,0,1,1,0
459,16,1,1,4,3,0,4,4,3,1,1,5,2,10,9,10,1,0,0,0,1,0,0,0,0,0,1,0,0,0,1,0,0,0,1,1,0,0,1,1,0,0
460,15,1,1,2,2,0,4,3,3,1,1,2,1,11,10,11,1,0,0,0,1,0,0,0,0,0,1,0,0,1,0,0,0,0,0,1,0,1,1,1,1,0
461,16,1,1,2,1,0,4,2,2,4,3,2,0,13,12,14,1,0,0,0,1,0,0,0,0,0,1,0,0,0,1,0,1,0,0,0,0,1,1,1,1,1
462,15,1,1,3,2,0,4,2,1,1,2,2,0,13,14,14,1,0,0,0,1,0,0,0,0,0,0,0,0,0,0,0,0,0,0,1,0,0,1,1,0,0
463,15,2,2,1,3,0,4,4,3,2,2,5,2,14,11,12,1,0,0,1,1,0,1,0,0,0,1,0,0,0,1,0,0,0,1,1,0,0,1,1,0,0
464,16,1,1,2,1,0,3,4,4,3,4,5,6,11,11,11,1,1,0,0,1,0,0,0,0,0,1,0,0,0,1,0,0,0,0,0,0,1,1,1,0,0
465,18,1,2,1,2,1,3,4,4,2,3,5,9,9,8,8,1,0,1,0,1,0,1,0,0,0,1,0,0,0,0,0,0,0,0,1,0,1,1,1,1,1
466,15,3,1,2,1,0,3,2,3,1,3,4,0,10,9,11,1,1,1,0,1,0,1,0,0,0,0,1,0,1,0,0,1,0,0,1,0,0,1,1,0,0
467,16,2,2,3,2,0,5,3,4,1,1,2,1,14,13,14,1,0,0,0,1,0,1,0,0,0,0,1,0,0,0,0,0,0,0,1,0,1,1,1,1,0
468,15,2,2,3,1,0,4,3,3,1,2,4,1,13,12,13,1,1,1,0,1,1,0,0,0,0,1,0,0,0,0,1,1,0,0,0,0,0,1,1,0,0
469,16,4,4,1,2,0,4,3,1,1,1,3,0,13,12,13,1,1,1,0,1,0,1,0,0,0,0,0,1,0,0,0,0,0,0,1,0,1,1,1,0,1
470,15,3,3,1,2,0,4,5,4,1,1,1,4,13,12,12,1,0,0,0,1,0,0,1,0,0,1,0,0,0,0,1,1,0,0,1,0,0,1,1,1,1
471,16,2,2,2,2,1,4,4,4,2,3,5,2,12,11,12,1,0,0,0,1,0,0,0,0,0,1,0,0,0,0,0,1,0,0,1,0,1,0,1,0,0
472,16,2,2,3,1,0,4,3,2,1,1,4,0,14,14,16,1,0,0,1,1,0,1,0,0,0,1,0,0,1,0,0,0,0,0,1,0,1,1,1,0,1
473,16,2,1,2,1,0,2,4,3,2,3,4,4,10,8,10,1,1,1,1,1,0,0,0,0,0,0,1,0,0,0,0,1,0,0,1,0,1,1,1,1,0
474,15,1,3,3,1,0,4,2,4,3,5,3,2,10,11,11,1,1,0,1,1,0,0,0,0,0,1,0,0,0,0,1,0,0,0,1,0,1,1,1,1,0
475,15,2,2,2,3,0,5,3,2,1,1,4,0,12,13,14,1,0,1,0,1,0,1,0,0,0,0,1,0,0,0,0,1,0,0,1,0,1,1,1,0,0
476,16,2,1,1,1,0,5,4,3,1,1,5,2,10,8,8,1,0,0,1,1,0,1,0,0,0,1,0,0,1,0,0,1,0,0,1,0,0,1,1,1,1
477,15,3,3,2,1,0,4,3,3,2,4,3,11,12,10,11,1,1,1,0,1,0,0,1,0,0,0,1,0,0,0,0,0,0,0,1,0,1,0,1,1,0
478,16,1,1,2,2,3,3,4,3,1,1,1,0,7,7,8,1,0,0,0,1,0,0,0,0,0,1,0,0,0,0,0,0,0,1,1,0,0,1,1,0,0
479,17,2,2,1,1,0,4,5,3,1,1,5,4,9,9,10,1,0,1,0,1,0,1,0,0,0,0,0,0,0,0,0,1,0,0,1,0,1,1,0,0,0
480,19,2,3,1,1,1,4,4,4,1,1,2,0,9,9,10,1,0,1,0,1,0,0,0,0,0,0,1,0,0,0,0,0,1,0,0,0,0,1,0,1,1
481,17,2,1,3,1,0,5,5,3,1,1,3,2,9,10,11,1,0,0,0,1,0,0,0,0,0,1,0,0,0,0,0,1,0,0,1,0,1,1,0,0,1
482,15,1,1,2,1,0,5,2,1,1,3,4,0,9,10,9,1,0,0,1,1,0,0,0,0,0,1,0,0,0,0,0,1,0,0,1,0,0,1,0,0,1
483,16,2,2,3,2,0,3,4,5,1,2,1,1,9,10,11,1,0,0,0,1,0,1,0,0,0,1,0,0,0,0,0,0,0,0,1,0,0,1,0,1,0
484,16,2,2,1,1,0,4,3,4,1,2,1,6,7,7,8,1,0,1,1,0,0,1,0,0,0,1,0,0,1,0,0,1,0,0,1,0,0,1,0,0,0
485,17,2,2,2,2,0,4,3,5,1,2,4,0,11,10,11,1,0,0,0,1,0,0,0,0,0,1,0,0,0,0,0,1,0,0,1,0,0,1,1,1,0
486,16,2,2,1,1,1,4,4,3,1,4,3,1,9,10,10,1,0,1,0,1,0,1,0,0,0,0,1,0,0,0,0,0,0,0,1,1,1,0,1,1,0
487,18,3,2,2,3,2,3,3,2,1,1,2,6,7,9,10,1,0,0,1,0,0,1,0,0,0,1,0,0,0,0,0,0,1,0,1,0,0,0,0,0,1
488,19,1,1,1,3,1,5,3,1,1,1,3,6,7,9,9,1,0,1,0,1,0,0,0,0,0,0,1,0,0,0,0,1,0,0,0,0,1,1,0,0,1
489,18,1,1,2,1,1,4,4,3,3,4,4,0,8,9,10,1,1,0,0,1,0,1,0,0,0,1,0,0,1,0,0,1,0,0,0,0,1,1,0,1,0
490,18,1,1,2,1,1,3,2,3,1,1,2,4,9,11,10,1,0,0,0,1,0,0,0,0,0,0,0,0,0,0,0,1,0,0,0,0,0,0,0,1,1
491,19,1,1,2,2,1,1,1,4,4,1,1,12,7,8,9,1,0,1,0,1,0,1,0,0,0,1,0,0,0,0,0,0,1,0,1,0,0,1,1,1,1
492,16,2,2,1,2,0,3,3,2,1,1,3,2,8,10,10,1,0,0,0,0,1,0,0,0,0,1,0,0,0,0,0,1,0,0,0,0,0,0,1,0,1
493,17,0,1,2,1,0,2,4,4,3,5,5,5,9,9,10,1,0,1,0,1,0,1,0,0,0,0,0,0,0,0,0,0,0,0,0,0,1,0,1,0,0
494,16,1,2,1,2,0,4,4,5,1,3,3,0,8,9,9,1,0,0,1,1,0,0,0,0,0,1,0,0,0,0,0,1,0,0,0,0,1,1,0,1,0
495,16,3,3,1,1,0,4,5,4,1,1,4,0,14,13,13,1,0,1,0,1,0,1,0,0,0,1,0,0,0,0,1,1,0,0,0,0,1,1,0,1,1
496,16,1,1,1,1,0,4,4,4,2,2,4,2,14,14,14,1,0,0,1,1,0,0,1,0,0,0,1,0,1,0,0,1,0,0,1,0,1,1,1,1,1
497,17,3,3,2,4,1,5,4,5,3,4,5,0,10,11,10,1,1,1,0,1,0,0,1,0,0,0,0,0,0,0,0,1,0,0,1,1,1,1,1,0,0
498,16,2,1,1,2,0,5,3,3,1,1,1,0,14,13,14,1,0,1,0,1,0,1,0,0,0,0,1,0,0,0,0,1,0,0,1,0,1,1,1,1,0
499,16,2,2,1,1,0,4,2,5,1,2,5,0,17,16,16,1,0,1,0,1,0,0,1,0,0,1,0,0,0,0,0,1,0,0,1,1,1,1,1,0,1
500,17,1,2,1,1,1,5,3,5,5,5,1,12,6,7,7,1,1,1,0,1,0,1,0,0,0,1,0,0,0,0,0,0,0,0,1,0,1,1,0,1,1
501,16,4,3,1,1,0,4,2,5,1,5,5,8,14,12,13,1,1,1,1,1,0,1,0,0,0,1,0,0,0,0,0,0,0,0,0,0,1,1,1,1,0
502,17,2,2,3,4,1,1,3,5,3,5,3,2,10,8,9,1,1,0,1,1,0,0,1,0,0,0,1,0,0,1,0,1,0,0,1,0,0,1,1,0,0
503,16,1,1,1,4,0,2,2,1,1,1,5,0,14,14,14,1,0,1,0,1,0,1,0,0,0,1,0,0,0,0,0,0,1,1,1,0,1,1,1,1,0
504,19,2,2,1,3,0,5,4,5,1,1,1,0,12,13,13,1,0,1,1,1,0,1,0,0,0,1,0,0,1,0,0,1,0,0,0,0,0,1,1,1,1
505,17,1,1,2,1,0,4,4,5,1,2,5,0,11,11,11,1,0,0,0,1,0,0,0,0,0,1,0,0,0,0,1,1,0,0,1,0,1,0,1,1,1
506,20,3,3,2,2,1,3,3,4,2,4,3,8,11,9,10,1,0,1,0,1,0,0,0,0,0,0,1,0,0,1,0,1,0,0,0,0,1,1,1,1,1
507,17,1,1,1,3,0,4,3,3,1,1,3,0,11,11,10,1,0,1,1,1,0,1,0,0,0,0,1,0,0,0,0,0,0,0,1,0,0,1,1,0,1
508,17,2,2,3,1,1,4,4,5,1,2,5,0,10,9,9,1,1,0,0,1,0,1,0,0,0,1,0,0,0,0,0,1,0,0,1,0,0,0,1,1,0
509,16,1,1,3,2,0,5,3,2,1,1,1,0,16,17,18,1,0,0,1,1,0,0,0,0,0,1,0,0,0,0,0,0,0,0,1,0,0,1,1,0,0
510,17,2,2,2,2,0,5,3,2,1,1,1,0,15,17,17,1,0,0,0,1,0,1,0,0,0,1,0,0,0,0,1,1,0,0,1,0,1,1,1,0,0
511,17,1,0,2,2,0,4,4,5,1,1,4,1,11,9,10,1,0,1,0,0,0,1,0,0,0,1,0,0,0,1,0,1,0,0,0,0,0,1,1,1,1
512,18,1,1,1,2,1,4,3,2,1,1,5,9,7,7,7,1,0,0,0,1,0,0,0,0,0,1,0,0,0,1,0,1,0,0,1,0,0,1,1,1,1
513,16,3,1,1,1,0,3,1,3,1,3,1,0,8,6,8,1,0,1,0,1,0,1,0,0,0,1,0,0,0,0,0,1,0,0,0,0,1,1,1,1,0
514,16,3,2,1,1,0,3,1,3,1,4,3,2,7,6,7,1,0,1,0,1,0,0,1,0,0,0,0,0,0,0,0,1,0,0,0,0,0,1,1,1,0
515,18,1,1,2,2,0,2,3,5,1,4,3,8,9,8,10,1,0,1,1,1,0,1,0,0,0,0,0,0,0,0,1,1,0,1,0,0,0,1,1,0,0
516,16,4,4,1,2,0,4,3,3,2,3,2,0,14,16,16,1,0,0,0,1,1,0,0,0,0,0,0,1,0,0,1,0,0,0,0,0,1,0,1,1,1
517,16,1,2,2,1,0,5,4,5,1,4,2,0,14,14,15,1,0,0,1,1,0,1,0,0,0,1,0,0,0,0,1,1,0,0,0,0,1,1,1,1,0
518,18,2,4,1,2,1,2,3,2,1,3,1,8,8,5,8,1,0,1,0,0,0,1,0,0,0,0,1,0,0,0,1,0,0,0,1,0,0,1,1,1,0
519,16,2,1,2,2,0,5,2,1,1,1,2,0,8,7,0,1,1,0,0,1,0,1,0,0,0,0,1,0,0,0,1,1,0,0,0,0,1,1,1,1,0
520,16,1,1,3,2,0,4,3,2,1,3,5,6,6,8,8,1,0,1,1,1,0,0,0,0,0,1,0,0,0,1,0,1,0,0,1,0,0,1,1,1,0
521,16,2,3,2,2,0,3,3,3,1,1,2,0,8,10,10,1,0,0,0,1,0,0,0,0,0,0,1,0,0,1,0,1,0,0,1,0,1,1,1,1,0
522,16,4,4,1,2,0,4,3,4,1,2,3,4,8,8,8,1,0,1,0,1,1,0,0,0,1,0,0,0,0,0,0,1,0,0,1,0,0,1,1,1,1
523,18,4,4,1,4,0,5,5,5,5,5,5,2,5,6,6,1,1,1,1,1,0,0,0,0,1,0,0,0,1,0,0,1,0,0,1,0,1,1,0,1,1
524,16,3,4,3,2,0,4,2,1,1,1,2,2,7,9,8,1,0,0,1,1,0,0,0,0,0,1,0,0,0,1,0,1,0,0,1,0,0,0,1,0,0
525,17,4,4,1,3,0,4,4,3,1,2,5,0,15,14,16,1,1,1,1,1,0,1,0,0,0,0,1,0,1,0,0,1,0,0,1,0,0,1,1,1,0
526,17,4,1,1,1,0,4,2,3,1,2,5,1,13,14,14,1,0,0,0,1,0,1,0,0,0,1,0,0,0,1,0,1,0,0,0,0,0,1,1,1,1
527,16,2,2,4,3,0,5,1,3,2,2,3,0,10,9,10,1,1,1,1,1,0,0,1,0,0,0,1,0,0,1,0,1,0,0,0,0,0,1,1,0,0
528,17,2,2,1,1,0,5,1,3,1,2,5,5,9,9,9,1,0,0,0,1,0,0,0,0,0,1,0,0,0,1,0,1,0,0,1,1,0,1,1,1,0
529,16,4,4,2,1,0,5,1,3,1,2,5,1,11,11,11,1,0,1,1,1,0,0,1,0,0,0,1,0,0,1,0,0,0,0,1,0,0,1,1,0,0
530,17,3,3,1,1,0,4,1,4,5,5,3,8,7,10,9,1,1,1,0,1,0,0,1,0,0,0,1,0,1,0,0,1,0,0,1,0,1,1,1,1,0
531,17,1,1,3,2,0,5,1,3,3,3,1,0,10,10,10,1,1,1,0,1,0,0,0,0,0,0,1,0,0,1,0,1,0,0,0,0,0,1,1,1,1
532,16,2,1,2,2,0,4,2,2,1,4,5,2,9,7,8,1,1,1,0,1,1,0,0,0,0,0,1,0,0,1,0,1,0,0,0,0,0,0,1,1,1
533,16,2,1,1,2,0,3,2,2,1,1,3,0,14,15,16,1,0,1,1,1,0,1,0,0,0,0,1,0,0,1,0,1,0,0,0,0,0,1,1,1,1
534,16,4,4,1,1,0,4,1,2,2,5,5,0,11,12,12,1,1,1,1,1,0,0,0,1,1,0,0,0,0,1,0,0,0,0,1,0,0,1,1,1,0
535,15,1,2,3,2,0,5,5,5,1,3,5,11,9,11,10,1,1,0,0,1,0,1,0,0,0,0,1,0,0,0,0,1,0,0,1,0,1,1,1,0,0
536,15,2,2,3,4,0,5,4,5,2,3,5,8,13,14,14,1,1,1,1,0,0,1,0,0,0,1,0,0,0,0,1,1,0,0,1,0,1,1,1,0,0
537,15,2,1,1,1,0,4,3,3,1,2,5,11,12,13,12,1,1,1,1,0,0,0,1,0,0,0,1,0,0,0,0,1,0,0,0,0,1,1,1,1,0
538,16,2,2,1,3,0,4,3,3,2,2,5,2,11,11,11,1,0,0,1,1,0,1,0,0,0,1,0,0,0,0,0,1,0,0,1,0,0,0,1,0,1
539,16,4,1,2,2,0,1,2,4,2,2,1,8,9,10,10,1,0,1,1,1,0,1,0,0,0,1,0,0,1,0,0,1,0,0,1,0,1,1,1,1,0
540,17,3,2,2,1,0,4,3,3,2,2,1,5,9,11,11,1,0,1,0,1,0,0,0,0,0,1,0,0,1,0,0,1,0,0,0,0,0,1,1,0,1
541,17,2,2,2,2,0,5,1,3,1,1,5,0,11,9,11,1,0,0,0,1,0,1,0,0,0,1,0,0,0,1,0,1,0,1,0,1,0,1,1,0,0
542,16,4,4,2,3,0,5,3,5,1,4,5,1,10,11,12,1,0,1,0,1,0,0,0,1,0,0,1,0,0,0,0,1,0,0,1,0,0,1,1,1,1
543,17,4,4,3,1,3,3,3,3,1,3,5,2,9,9,8,1,1,0,0,1,1,0,0,0,0,1,0,0,0,0,0,0,0,0,0,0,1,1,1,1,1
544,17,1,3,2,1,0,5,1,2,3,3,5,2,12,11,12,1,1,0,1,1,0,1,0,0,0,1,0,0,0,0,0,0,0,0,0,0,1,1,1,0,1
545,17,3,4,1,2,1,5,4,4,3,4,5,8,8,9,8,1,1,1,0,1,0,0,1,0,0,1,0,0,0,1,0,1,0,0,1,0,1,0,1,1,1
546,17,4,4,1,2,0,5,2,5,1,1,5,0,13,15,16,1,0,1,0,1,1,0,0,0,1,0,0,0,0,0,0,0,0,0,1,0,0,1,1,1,0
547,16,4,1,1,1,0,4,1,2,2,1,2,0,10,11,11,1,1,0,1,1,0,1,0,0,0,0,0,0,0,1,0,0,0,0,0,0,0,1,1,1,0
548,17,1,1,1,2,0,4,5,5,1,2,3,2,11,10,11,1,0,1,0,0,0,0,0,0,0,0,0,0,0,1,0,1,0,0,0,0,1,1,1,1,1
549,17,4,2,2,2,0,4,3,3,2,3,5,0,17,18,18,1,0,0,0,1,0,1,0,0,0,1,0,0,0,0,0,1,0,1,1,0,0,0,1,1,0
550,16,2,2,2,2,0,4,1,2,2,2,5,0,12,13,13,1,1,1,1,0,0,1,0,0,0,0,1,0,0,0,0,0,0,0,1,0,0,0,1,1,1
551,17,3,2,2,2,0,4,1,2,2,2,1,0,13,14,13,1,1,1,0,1,0,1,0,0,0,1,0,0,0,1,0,0,0,0,1,1,0,1,1,1,0
552,19,1,1,1,2,2,4,4,3,3,4,4,2,9,9,10,1,1,1,0,1,0,1,0,0,0,1,0,0,0,1,0,1,0,0,1,0,1,1,0,1,0
553,17,1,0,1,1,0,4,1,2,1,1,5,4,11,11,12,1,1,1,1,0,0,1,0,0,0,1,0,0,1,0,0,1,0,0,0,0,0,1,1,0,1
554,17,1,1,2,1,0,3,5,5,2,2,4,3,10,11,10,1,0,0,0,1,0,0,0,0,0,0,0,0,0,0,0,0,0,0,1,0,1,1,0,1,1
555,16,1,2,1,3,0,4,3,4,1,1,3,5,13,14,13,1,0,0,0,1,0,1,0,0,0,1,0,0,1,0,0,0,0,1,1,0,0,0,1,1,1
556,16,1,2,1,1,0,4,4,4,2,4,5,4,9,10,11,1,1,0,1,1,0,1,0,0,0,0,0,0,0,0,0,1,0,0,0,0,0,1,1,0,0
557,17,3,1,2,2,3,5,4,4,1,1,5,2,7,9,10,1,0,0,0,1,0,1,0,0,0,1,0,0,0,0,0,1,0,0,1,0,1,0,1,1,1
558,17,2,2,2,1,0,5,5,5,3,5,5,0,8,13,10,1,1,0,0,1,0,1,0,0,0,1,0,0,0,0,0,1,0,0,0,0,1,1,0,0,1
559,18,1,0,3,1,1,4,3,2,1,1,4,0,12,12,13,1,1,0,0,1,0,0,0,0,0,0,0,0,0,0,0,0,1,1,1,0,0,1,1,0,0
560,17,1,1,2,1,0,4,5,5,1,3,2,0,10,9,10,1,1,0,0,1,0,1,0,0,0,0,1,0,0,0,0,1,0,0,1,0,1,0,1,1,1
561,18,1,1,2,2,0,4,3,3,1,4,5,6,10,9,10,1,1,1,1,1,0,0,0,0,0,0,0,0,0,0,0,1,0,0,1,0,1,1,1,0,0
562,16,2,2,1,2,0,5,4,3,1,1,1,0,11,13,12,1,0,0,1,1,0,1,0,0,0,0,1,0,0,0,0,0,0,0,0,0,1,1,1,0,1
563,17,2,2,1,1,1,1,2,1,2,3,5,0,7,0,0,1,1,1,0,1,0,1,0,0,0,1,0,0,0,0,0,1,0,0,0,0,1,1,1,0,1
564,16,3,2,2,1,0,4,5,5,2,3,5,2,11,9,10,1,1,0,0,1,0,0,1,0,0,1,0,0,0,0,0,0,0,0,0,0,0,1,1,1,0
565,16,1,1,2,1,0,4,5,5,2,4,5,0,10,10,9,1,1,0,1,1,0,0,0,0,0,1,0,0,0,0,0,1,0,0,0,0,1,1,1,1,0
566,18,1,1,2,1,1,5,3,3,2,3,5,2,9,7,9,1,1,0,0,1,0,0,1,0,0,1,0,0,0,0,0,0,1,0,1,0,0,1,0,1,1
567,18,3,2,1,1,1,2,3,1,2,2,5,0,4,0,0,1,1,0,0,1,0,0,1,0,0,1,0,0,0,0,0,1,0,0,0,0,0,1,0,1,0
568,19,3,2,2,1,3,3,2,1,1,1,3,4,6,11,9,1,1,1,0,1,0,0,0,0,0,0,1,0,0,0,0,1,0,0,0,0,1,1,1,0,0
569,18,3,3,1,2,2,4,4,5,1,3,3,9,4,8,8,1,1,1,0,1,0,0,0,0,0,0,0,0,0,0,0,1,0,0,1,0,1,1,0,1,0
570,16,2,2,2,1,0,5,4,3,2,4,4,6,7,8,8,1,1,0,0,1,0,0,1,0,0,0,1,0,0,0,0,1,0,0,1,0,1,1,1,1,1
571,19,2,1,2,1,3,4,4,3,1,3,5,4,8,9,9,1,1,1,0,1,0,0,0,0,0,1,0,0,0,0,0,0,1,0,0,0,1,0,0,1,1
572,16,3,2,2,2,2,2,5,5,1,1,1,8,5,5,7,1,0,1,0,0,0,0,1,0,0,0,0,0,0,0,0,1,0,0,1,0,1,1,1,0,1
573,17,1,1,1,1,0,4,3,2,1,2,5,9,7,9,10,1,0,1,0,1,0,1,0,0,0,0,0,0,0,0,0,1,0,0,1,0,1,1,1,0,0
574,20,1,1,2,1,1,4,4,3,2,4,4,12,8,11,10,1,1,0,0,1,0,1,0,0,0,1,0,0,0,0,0,0,1,0,1,0,0,1,0,1,1
575,18,4,3,1,1,0,5,4,4,3,4,2,8,10,11,10,1,0,0,0,0,0,0,1,0,0,0,1,0,0,0,0,1,0,0,1,0,0,1,1,1,0
576,18,3,2,2,1,0,2,5,5,5,5,5,8,9,10,11,1,1,0,0,1,0,1,0,0,0,1,0,0,0,0,0,1,0,0,1,0,0,0,1,1,0
577,19,1,1,3,2,1,5,4,4,3,3,2,8,10,9,11,1,1,0,0,1,0,1,0,0,0,0,1,0,1,0,0,0,1,0,0,0,0,1,1,1,0
578,17,3,3,2,2,1,4,5,4,2,3,3,4,8,9,10,1,1,1,0,1,1,0,0,0,0,1,0,0,0,0,0,1,0,0,1,0,0,1,1,1,0
579,18,1,3,1,1,0,4,3,3,2,3,3,0,9,10,9,1,1,1,1,1,0,0,0,0,0,0,1,0,0,0,0,1,0,0,0,0,0,1,0,1,1
580,19,1,1,3,1,1,4,4,4,3,3,5,4,8,9,10,1,1,0,0,1,0,1,0,0,0,1,0,0,1,0,0,0,1,0,1,0,0,1,1,1,0
581,18,1,2,2,2,2,4,3,3,1,1,5,2,6,8,8,1,0,1,0,0,0,0,0,0,0,1,0,0,0,0,0,1,0,0,1,0,0,1,1,0,0
582,19,1,1,1,1,0,1,4,4,1,1,5,0,6,8,7,1,0,1,1,0,0,0,0,0,0,1,0,0,0,0,0,1,0,0,1,0,0,1,0,0,0
583,18,2,2,2,1,1,5,5,5,1,1,3,0,8,6,0,1,0,0,0,1,0,1,0,0,0,1,0,0,0,1,0,1,0,0,0,0,0,1,0,1,1
584,17,0,0,2,1,0,4,4,3,1,1,5,0,10,11,11,1,0,0,0,1,0,0,0,0,0,1,0,0,0,0,0,1,0,0,1,0,0,1,1,1,0
585,17,3,1,2,3,0,4,2,3,2,2,3,5,8,7,8,1,0,0,1,0,0,1,0,0,0,0,0,0,0,0,0,0,1,0,1,1,0,1,0,0,0
586,17,4,2,1,2,0,5,5,5,1,3,5,0,8,8,0,1,0,1,0,1,0,0,0,1,0,0,1,0,1,0,0,1,0,1,1,0,1,1,1,1,0
587,18,2,2,1,2,1,2,3,3,1,2,4,3,7,6,8,1,0,0,1,1,0,0,1,0,0,0,1,0,0,0,0,1,0,0,1,0,1,1,1,1,0
588,17,4,1,1,1,0,3,2,2,1,1,5,0,8,10,9,1,0,1,0,1,1,0,0,0,0,0,0,0,0,0,0,1,0,0,1,0,0,1,1,0,1
589,17,1,2,1,1,0,5,5,1,1,1,3,0,7,10,10,1,0,1,1,1,0,0,0,0,0,1,0,0,0,0,0,0,0,0,0,0,0,1,1,1,0
590,18,1,1,3,2,2,3,4,4,2,2,5,3,7,8,7,1,0,1,0,1,0,1,0,0,0,1,0,0,0,0,0,1,0,0,0,0,1,1,1,0,1
591,18,2,2,2,2,0,4,3,5,1,1,1,2,12,13,14,1,0,1,0,1,0,0,1,0,0,0,0,0,0,0,1,0,0,0,0,0,1,0,1,1,0
592,17,3,3,2,1,0,4,4,3,1,1,4,0,11,12,13,1,0,1,0,1,0,0,1,0,0,0,1,0,0,0,0,1,0,0,1,0,0,1,1,1,0
593,18,1,2,2,2,0,4,4,3,1,2,4,0,12,13,14,1,0,1,1,0,0,0,0,0,0,1,0,0,0,0,1,1,0,0,0,0,0,1,1,1,0
594,18,4,4,2,2,0,4,3,5,1,2,1,0,18,18,18,1,0,1,0,1,0,0,0,1,0,0,0,1,0,0,1,1,0,0,0,0,1,0,1,1,0
595,18,4,4,1,1,0,5,4,5,1,1,5,3,17,17,17,1,1,1,1,1,0,0,1,0,0,1,0,0,0,0,1,1,0,0,1,0,1,1,1,1,0
596,17,4,2,2,2,0,4,3,3,1,2,4,0,17,18,18,1,0,1,0,1,0,1,0,0,0,1,0,0,0,0,0,1,0,0,1,0,0,1,1,1,0
597,18,2,2,3,2,1,4,3,3,1,1,4,0,9,0,0,1,0,0,0,1,0,0,0,0,0,1,0,0,0,0,0,1,0,0,0,0,1,1,1,0,1
598,18,1,2,2,1,0,4,1,4,5,5,1,8,10,11,11,1,1,1,1,1,0,0,0,0,0,0,1,0,1,0,0,1,0,0,1,0,0,0,1,0,0
599,18,4,4,3,1,0,2,5,5,1,1,1,5,12,13,14,1,1,0,0,1,0,0,0,0,0,0,1,0,0,1,0,1,0,0,1,1,1,1,1,1,1
600,17,1,1,3,1,0,4,2,3,3,4,4,4,12,13,14,1,1,0,0,1,0,1,0,0,0,0,1,0,0,1,0,0,0,0,0,0,0,0,0,0,0
601,18,2,2,2,2,0,1,3,1,1,1,2,4,8,8,10,1,0,1,0,1,0,1,0,0,0,1,0,0,0,0,0,1,0,0,1,0,0,0,1,1,1
602,18,2,2,2,3,0,5,4,5,1,4,3,0,11,12,13,1,0,1,1,1,0,0,1,0,0,0,1,0,0,0,0,0,0,0,0,0,0,1,1,1,1
603,18,4,2,1,2,0,5,3,1,1,1,5,0,5,0,0,1,0,0,1,0,0,0,0,1,0,1,0,0,0,0,1,1,0,0,0,0,1,1,1,1,1
604,18,1,1,3,2,1,4,4,2,1,2,2,2,9,10,10,1,0,1,0,1,0,0,0,0,0,0,1,0,0,0,0,1,0,0,0,0,0,1,0,0,0
605,19,1,1,2,1,1,5,5,5,2,3,2,0,5,0,0,1,0,1,0,1,0,0,0,0,0,0,1,0,0,1,0,0,0,0,0,0,0,1,0,0,0
606,17,4,2,2,4,0,4,2,3,3,1,5,0,18,18,18,1,0,1,0,1,0,0,0,1,0,1,0,0,0,0,0,0,0,0,0,0,0,1,1,1,1
607,17,2,1,2,2,0,5,3,3,1,2,2,5,11,11,12,1,0,0,1,0,0,0,1,0,0,1,0,0,0,0,1,1,0,0,0,0,1,1,1,1,1
608,18,1,1,1,2,0,5,2,3,1,2,3,2,8,10,11,1,0,1,1,0,0,0,0,0,0,0,1,0,0,0,0,1,0,0,0,0,0,1,1,0,1
609,18,1,2,2,2,0,4,1,1,1,1,4,0,11,11,12,1,0,1,0,1,0,0,0,0,0,0,0,0,0,0,0,0,0,0,1,0,0,1,0,0,0
610,19,1,1,2,2,3,3,5,4,1,4,1,0,8,0,0,1,0,0,0,0,0,0,0,0,0,0,0,0,0,0,0,0,1,0,1,0,1,1,0,0,1
611,18,2,2,2,3,0,4,2,1,1,1,4,5,14,14,15,1,0,0,0,1,0,0,1,0,0,1,0,0,1,0,0,1,0,0,0,0,0,1,1,1,1
612,17,4,3,2,2,1,4,5,5,1,3,2,4,10,11,11,1,1,0,0,1,0,0,1,0,0,1,0,0,1,0,0,1,0,0,1,1,1,0,1,1,1
613,18,3,3,1,2,0,5,3,4,1,1,5,0,10,10,10,1,0,1,0,1,0,0,1,0,0,0,1,0,0,0,0,0,0,0,1,0,0,1,1,0,1
614,17,4,4,2,2,0,4,3,3,1,2,5,2,12,12,12,1,0,0,0,1,0,0,0,1,0,0,1,0,0,1,0,0,0,0,1,1,1,1,1,1,0
615,17,3,2,2,2,0,1,2,3,1,2,5,0,15,14,15,1,0,1,1,0,0,0,1,0,0,1,0,0,0,0,1,1,0,0,0,0,0,1,1,0,1
616,18,1,1,2,1,0,3,3,2,1,2,3,2,14,13,14,1,1,1,1,1,0,1,0,0,0,0,1,0,1,0,0,0,0,0,0,0,0,0,1,1,1
617,18,1,1,2,3,0,5,3,2,1,1,4,0,19,17,18,1,0,1,1,1,0,0,0,0,0,0,1,0,0,0,0,0,0,0,0,0,0,1,1,1,0
618,18,1,2,3,2,0,4,3,4,1,4,5,0,16,15,15,1,0,0,1,0,0,0,0,0,0,1,0,0,0,0,0,1,0,0,0,0,0,1,1,0,1
619,18,3,3,2,2,0,4,3,2,1,3,3,6,13,12,13,1,0,1,0,1,0,0,1,0,0,0,1,0,0,1,0,1,0,0,1,0,0,1,1,1,1
620,17,4,4,1,2,0,2,3,4,1,1,1,4,15,14,15,1,0,1,1,1,0,0,0,0,0,0,0,0,0,0,0,1,0,0,1,0,1,1,1,1,1
621,17,1,2,2,2,0,3,2,2,1,2,3,0,13,13,13,1,0,0,0,1,0,1,0,0,0,0,1,0,0,0,0,0,0,0,0,0,0,0,1,0,0
622,18,1,3,2,2,0,3,3,4,2,4,3,0,8,10,9,1,1,0,0,1,0,0,0,0,0,1,0,0,0,0,0,1,0,0,1,1,0,1,1,0,0
623,18,4,4,2,3,0,4,2,2,2,2,5,0,15,16,16,1,1,1,1,1,0,0,0,1,0,0,1,0,0,1,0,1,0,0,0,0,0,1,1,1,1
624,17,1,1,3,1,1,5,2,1,1,2,1,0,8,8,9,1,0,0,0,1,0,1,0,0,0,0,1,0,0,0,1,1,0,0,1,0,0,1,1,1,1
625,18,2,3,2,1,0,5,2,3,1,2,4,0,10,10,10,1,0,1,0,1,0,0,0,0,0,0,1,0,0,0,0,0,0,0,1,0,0,1,1,1,1
626,18,4,4,3,2,0,3,2,2,4,2,5,0,7,5,0,1,0,0,0,1,0,1,0,0,0,0,0,1,0,1,0,0,0,0,1,0,0,0,1,1,1
627,18,1,2,3,1,0,4,3,3,2,3,3,3,9,10,10,1,1,0,1,1,0,0,0,0,0,0,1,0,0,1,0,0,0,0,1,0,1,1,0,1,1
628,17,2,2,1,3,0,3,4,3,1,1,3,8,10,11,12,1,0,1,0,1,0,1,0,0,0,0,0,0,1,0,0,1,0,0,0,0,1,1,1,0,1
629,17,1,2,1,1,0,3,5,5,1,3,1,4,7,8,9,1,0,0,0,1,0,1,0,0,0,1,0,0,0,0,0,1,0,0,0,0,1,1,1,1,0
630,18,4,4,2,3,0,5,4,4,1,1,1,0,15,17,17,1,0,0,1,1,0,1,0,0,0,1,0,0,0,0,1,1,0,0,0,0,0,1,1,1,0
631,18,1,1,4,3,0,4,3,2,1,2,4,4,10,11,12,1,0,0,0,1,0,1,0,0,0,1,0,0,1,0,0,1,0,0,0,0,0,1,1,1,0
632,19,1,1,2,2,1,4,3,3,1,1,3,4,7,8,9,1,0,0,0,1,0,0,0,0,0,1,0,0,0,0,0,0,1,0,1,0,0,1,1,1,1
633,18,4,4,1,2,0,5,4,3,3,4,2,1,13,14,14,1,0,0,1,1,0,0,0,1,0,0,1,0,0,0,0,1,0,0,0,0,1,1,1,1,0
634,18,3,3,1,2,0,4,1,3,1,2,1,1,16,16,16,1,0,1,0,1,0,1,0,0,0,1,0,0,1,0,0,1,0,0,0,0,0,1,1,1,1
635,17,3,1,1,2,0,4,5,4,2,3,1,10,8,9,9,1,0,0,0,1,0,0,0,0,0,1,0,0,0,0,1,1,0,0,1,0,1,0,1,1,0
636,18,4,4,1,2,0,3,2,4,1,4,2,4,17,18,19,1,1,1,0,1,0,0,0,1,0,0,0,1,1,0,0,0,0,0,0,0,1,0,1,1,0
637,18,2,1,2,1,0,4,4,3,1,3,5,0,7,7,0,1,1,0,0,1,0,1,0,0,0,1,0,0,0,1,0,1,0,0,0,0,1,0,1,1,1
638,17,2,3,2,2,0,4,4,3,1,1,3,4,14,15,16,1,1,1,0,1,0,1,0,0,0,0,1,0,1,0,0,0,0,0,0,0,1,1,1,1,0
639,19,1,1,2,1,1,4,3,2,1,3,5,0,5,8,0,1,1,0,0,1,0,1,0,0,0,0,1,0,0,1,0,1,0,0,0,0,0,1,1,0,0
640,18,4,2,2,1,1,5,4,3,4,3,3,0,7,7,0,1,1,0,0,1,0,1,0,0,0,1,0,0,1,0,0,0,0,0,0,1,0,1,1,0,0
641,18,2,2,2,3,0,5,3,3,1,3,4,0,14,17,15,1,0,0,0,1,0,0,0,0,0,1,0,0,0,1,0,1,0,0,0,0,0,1,1,0,0
642,17,4,3,2,2,0,5,5,4,1,1,1,0,6,9,11,1,0,1,0,1,0,0,0,1,0,1,0,0,0,1,0,1,0,0,0,0,0,1,1,1,0
643,18,4,4,3,1,0,4,4,3,2,2,5,4,7,9,10,1,0,0,0,1,0,0,0,1,0,0,0,0,0,0,1,1,0,0,1,0,1,1,1,1,1
644,19,2,3,1,3,1,5,4,2,1,2,5,4,10,11,10,1,0,0,0,1,0,0,1,0,0,1,0,0,0,0,0,1,0,0,0,0,1,0,1,1,0
645,18,3,1,1,2,0,4,3,4,1,1,1,4,15,15,16,1,0,1,1,1,0,0,0,1,0,0,1,0,0,0,0,1,0,0,1,0,0,1,1,1,0
646,18,1,1,2,2,0,1,1,1,1,1,5,6,11,12,9,1,0,1,0,1,0,1,0,0,0,1,0,0,0,0,0,1,0,0,0,0,1,1,1,0,0
647,17,3,1,2,1,0,2,4,5,3,4,2,6,10,10,10,1,1,1,1,1,0,0,1,0,0,0,1,0,0,0,0,1,0,0,0,0,0,0,1,1,0
648,18,3,2,3,1,0,4,4,1,3,4,5,4,10,11,11,1,1,0,1,1,0,0,1,0,0,1,0,0,0,0,0,1,0,0,0,0,0,0,1,1,0
